證券代號,證券名稱,成交股數,成交金額,開盤價,最高價,最低價,收盤價,漲跌價差,成交筆數
"0050","元大台灣50","9016500","1043315930","115.40","116.35","115.00","116.35","1.3000","8960"
"0051","元大中型100","20279","1066609","52.45","52.70","52.40","52.70","0.1000","113"
"0052","富邦科技","353655","34844832","98.10","99.35","97.90","99.35","1.6500","388"
"0053","元大電子","6062","344059","56.75","56.95","56.45","56.95","0.3500","8"
"0055","元大MSCI金融","234935","5099076","21.51","21.87","21.51","21.87","0.1500","331"
"0056","元大高股息","12791005","360808365","28.06","28.38","28.00","28.38","0.3800","7879"
"0057","富邦摩台","22905","1882115","82.15","82.40","82.15","82.40","0.2500","860"
"0061","元大寶滬深","28120","568847","20.33","20.35","20.20","20.29","-0.0400","787"
"006203","元大MSCI台灣","8543","475909","55.70","56.00","55.70","56.00","0.2500","978"
"006204","永豐臺灣加權","26315","1999023","75.95","76.55","75.95","76.55","1.6000","898"
"006205","富邦上証","471358","15836307","33.60","33.70","33.54","33.61","-0.0400","160"
"006206","元大上證50","36314","1169284","32.42","32.42","32.13","32.29","-0.1400","829"
"006207","FH滬深","92016","2454255","26.73","26.79","26.62","26.63","-0.1000","12"
"006208","富邦台50","1687941","112283887","66.20","66.95","66.05","66.95","0.9500","2390"
"00625K","富邦上証+R","","","","","","","0.0000",""
"00631L","元大台灣50正2","5173388","521362481","100.45","102.10","99.55","102.10","2.1000","2163"
"00632R","元大台灣50反1","135840880","801497709","5.90","5.95","5.87","5.87","-0.0700","7978"
"00633L","富邦上証正2","4594227","210159202","46.01","46.28","45.50","45.58","-0.5000","1107"
"00634R","富邦上証反1","714000","3035850","4.25","4.27","4.24","4.26","0.0200","66"
"00635U","期元大S&P黃金","370583","8250582","22.30","22.30","22.24","22.27","-0.2300","259"
"00636","國泰中國A50","369095","8501629","23.10","23.14","23.00","23.03","-0.1400","720"
"00636K","國泰中國A50+U","200","1540","7.70","7.70","7.70","7.70","-0.0700","2"
"00637L","元大滬深300正2","41757323","756617903","18.23","18.32","18.02","18.03","-0.2200","6248"
"00638R","元大滬深300反1","255150","2296250","8.99","9.04","8.96","9.01","0.0400","40"
"00639","富邦深100","369881","5323751","14.38","14.45","14.35","14.39","0.0200","234"
"00640L","富邦日本正2","177818","5011010","28.15","28.28","27.99","28.22","0.1200","56"
"00641R","富邦日本反1","624000","6221810","9.99","10.01","9.95","9.96","-0.0300","109"
"00642U","期元大S&P石油","2076671","42172754","20.42","20.43","20.25","20.25","-0.1800","331"
"00643","群益深証中小","353503","6032580","17.02","17.10","17.01","17.07","0.0200","994"
"00643K","群益深証中小+R","","","","","","","0.0000",""
"00645","富邦日本","144073","3712777","25.69","25.85","25.69","25.80","0.0400","1023"
"00646","元大S&P500","399176","14558037","36.41","36.51","36.41","36.48","0.0800","379"
"00647L","元大S&P500正2","170000","9232550","54.35","54.55","54.05","54.45","0.1500","76"
"00648R","元大S&P500反1","1405200","10518458","7.47","7.50","7.47","7.48","-0.0100","126"
"00650L","FH香港正2","3006744","47894118","16.10","16.19","15.79","15.95","-0.3200","730"
"00651R","FH香港反1","301000","2557000","8.37","8.51","8.37","8.47","0.0900","30"
"00652","富邦印度","51249","1393197","27.15","27.27","27.15","27.25","0.0500","692"
"00653L","富邦印度正2","123070","4811004","38.99","39.28","38.87","39.23","0.1600","59"
"00654R","富邦印度反1","134000","1159430","8.56","8.67","8.56","8.65","0.1000","34"
"00655L","國泰中國A50正2","1220146","40168844","33.19","33.28","32.77","32.83","-0.4000","491"
"00656R","國泰中國A50反1","61000","491180","8.05","8.06","8.04","8.06","0.0500","16"
"00657","國泰日經225","42000","1341010","31.85","31.96","31.85","31.96","0.0800","6"
"00657K","國泰日經225+U","200","2136","10.68","10.68","10.68","10.68","0.0100","2"
"00660","元大歐洲50","2115","54123","26.07","26.07","26.07","26.07","-0.1900","951"
"00661","元大日經225","1140","39470","34.64","34.64","34.64","34.64","0.1400","3"
"00662","富邦NASDAQ","403068","19264362","47.82","47.89","47.68","47.88","0.5900","350"
"00663L","國泰臺灣加權正2","59000","5401450","91.20","92.60","90.25","92.60","2.0500","24"
"00664R","國泰臺灣加權反1","9094474","60719416","6.70","6.73","6.64","6.64","-0.0800","777"
"00665L","富邦恒生國企正2","4708334","49779817","10.67","10.72","10.48","10.62","-0.1500","706"
"00666R","富邦恒生國企反1","519000","7559410","14.53","14.63","14.53","14.56","0.1500","13"
"00668","國泰美國道瓊","12150","420165","34.61","34.61","34.55","34.60","-0.0600","11"
"00668K","國泰美國道瓊+U","200","2312","11.56","11.56","11.56","11.56","-0.0300","2"
"00669R","國泰美國道瓊反1","2231000","18761210","8.41","8.43","8.39","8.40","0.0100","182"
"00670L","富邦NASDAQ正2","3610478","242968599","67.40","67.65","67.00","67.60","1.4500","1094"
"00671R","富邦NASDAQ反1","12562572","76233299","6.07","6.09","6.05","6.06","-0.0700","874"
"00673R","期元大S&P原油反1","19945788","160658770","8.03","8.08","8.00","8.07","0.0600","1932"
"00674R","期元大S&P黃金反1","1199005","16615389","13.83","13.87","13.83","13.87","0.1800","204"
"00675L","富邦臺灣加權正2","1334176","52913863","39.53","40.17","39.17","40.17","0.9000","507"
"00676R","富邦臺灣加權反1","5336102","19515714","3.66","3.69","3.64","3.64","-0.0400","410"
"00678","群益NBI生技","380120","9202545","24.23","24.24","24.19","24.24","-0.0100","1003"
"00680L","元大美債20正2","511368","7605517","14.79","14.92","14.79","14.88","0.1300","76"
"00681R","元大美債20反1","26000","433730","16.70","16.70","16.63","16.70","-0.1000","13"
"00682U","期元大美元指數","57000","1200470","21.06","21.07","21.04","21.07","0.1000","35"
"00683L","期元大美元指正2","231100","5280835","22.91","22.98","22.79","22.80","0.0700","74"
"00684R","期元大美元指反1","51000","809950","15.88","15.92","15.88","15.92","-0.0200","7"
"00685L","群益臺灣加權正2","78000","2743110","35.13","35.56","34.83","35.56","0.7900","15"
"00686R","群益臺灣加權反1","1424000","5680730","3.97","4.00","3.97","3.97","-0.0300","45"
"00688L","國泰20年美債正2","191000","2834380","14.79","14.87","14.79","14.82","0.1200","17"
"00689R","國泰20年美債反1","23000","398650","17.33","17.35","17.33","17.35","-0.1100","3"
"00690","兆豐藍籌30","105690","2990423","28.06","28.43","28.06","28.43","0.4600","629"
"00692","富邦公司治理","1227943","35205958","28.60","28.86","28.50","28.86","0.3500","919"
"00693U","期街口S&P黃豆","146020","3492627","24.08","24.08","23.80","23.88","-0.3000","85"
"00700","富邦恒生國企","185007","2515737","13.64","13.65","13.57","13.64","-0.1100","992"
"00701","國泰股利精選30","707288","16688801","23.54","23.75","23.52","23.75","0.2200","436"
"00702","國泰標普低波高息","211967","4435495","20.93","20.93","20.92","20.93","-0.1900","945"
"00703","台新MSCI中國","28633","479513","16.79","16.79","16.72","16.72","-0.1500","10"
"00706L","期元大S&P日圓正2","871000","8602100","9.87","9.91","9.86","9.91","-0.0200","167"
"00707R","期元大S&P日圓反1","","","","","","","0.0000",""
"00708L","期元大S&P黃金正2","895060","19967064","22.37","22.37","22.25","22.33","-0.4700","334"
"00709","富邦歐洲","84480","1748480","20.63","20.79","20.63","20.79","0.0100","18"
"00710B","FH彭博非投等債","535381","9319664","17.37","17.43","17.37","17.42","0.1100","105"
"00711B","FH彭博新興債","244080","3892894","15.95","15.96","15.94","15.94","0.1100","17"
"00712","FH富時不動產","1219683","14279430","11.67","11.73","11.67","11.73","0.1100","689"
"00713","元大台灣高息低波","329348","13084625","39.70","40.00","39.52","40.00","0.4000","307"
"00714","群益道瓊美國地產","274034","5497015","20.09","20.09","20.01","20.08","-0.0100","166"
"00715L","期街口布蘭特正2","7978413","164231145","20.72","20.81","20.49","20.49","-0.2300","1208"
"00717","富邦美國特別股","316144","4805979","15.17","15.22","15.17","15.21","0.1000","136"
"00728","第一金工業30","366495","8255163","22.31","22.75","22.31","22.74","0.4400","262"
"00730","富邦臺灣優質高息","122393","2105504","17.16","17.35","17.13","17.35","0.2000","155"
"00731","FH富時高息低波","1054196","59332923","56.00","56.40","55.95","56.40","0.2500","119"
"00732","國泰RMB短期報酬","100000","4100000","41.00","41.00","41.00","41.00","-0.0400","4"
"00733","富邦臺灣中小","268356","8868868","33.13","33.15","32.80","33.12","0.0900","234"
"00735","國泰臺韓科技","140224","3552580","25.29","25.43","25.29","25.43","0.2800","18"
"00736","國泰新興市場","101261","1926964","19.00","19.03","19.00","19.03","0.0300","7"
"00737","國泰AI+Robo","93423","2451768","26.16","26.34","26.16","26.31","0.6500","789"
"00738U","期元大道瓊白銀","721817","13489816","18.80","18.80","18.65","18.74","-0.1400","185"
"00739","元大MSCI A股","44070","1115685","25.39","25.47","25.24","25.24","-0.1600","688"
"00743","國泰中國A150","5886","152700","26.20","26.29","26.02","26.29","0.0200","889"
"00752","中信中國50","791436","15157550","19.26","19.26","19.09","19.20","-0.1200","430"
"00753L","中信中國50正2","6519133","91884061","14.20","14.23","13.99","14.10","-0.1800","1123"
"00757","統一FANG+","585596","22660246","38.88","38.96","38.60","38.73","0.4000","601"
"00762","元大全球AI","612396","20676472","33.79","33.81","33.71","33.78","0.6200","174"
"00763U","期街口道瓊銅","322002","6823361","21.36","21.36","21.12","21.18","-0.4200","52"
"00770","國泰北美科技","134699","4089530","30.32","30.38","30.28","30.37","0.4000","642"
"00771","元大US高息特別股","47255","805974","17.06","17.09","17.06","17.08","0.1100","857"
"00774B","新光中國政金綠債","2000","83000","41.50","41.50","41.50","41.50","0.0000","2"
"00774C","新光中政金綠債+R","","","","","","","0.0000",""
"00775B","新光投等債15+","51972","1825311","35.15","35.15","35.08","35.08","0.0800","971"
"00783","富邦中証500","71973","1576793","21.92","21.94","21.92","21.92","-0.0100","957"
"008201","BP上證50","9700","1032813","106.45","106.65","106.45","106.65","-1.0000","16"
"00830","國泰費城半導體","10491783","260327157","24.83","24.90","24.73","24.87","0.5300","3522"
"00850","元大臺灣ESG永續","398353","12158914","30.34","30.68","30.30","30.68","0.4000","505"
"00851","台新全球AI","16231","419640","25.88","25.93","25.88","25.93","0.5000","956"
"00852L","國泰美國道瓊正2","543000","9840660","18.11","18.18","18.04","18.16","-0.0800","123"
"00861","元大全球未來通訊","547813","14950495","27.27","27.39","27.24","27.38","0.1300","154"
"00865B","國泰US短期公債","101743","3957154","38.90","38.92","38.90","38.92","0.0400","748"
"00875","國泰網路資安","119387","3127638","26.15","26.25","26.14","26.25","0.5400","119"
"00876","元大全球5G","3881577","97838310","25.15","25.27","25.11","25.26","0.4000","938"
"00878","國泰永續高股息","23405785","385725875","16.46","16.58","16.37","16.56","0.1400","9341"
"00881","國泰台灣5G+","13057097","190327927","14.46","14.70","14.45","14.70","0.3100","3734"
"00882","中信中國高股息","9542660","115103595","12.13","12.17","12.03","12.05","-0.0800","4306"
"00885","富邦越南","5374854","74343238","13.84","13.89","13.79","13.89","0.0500","1697"
"00891","中信關鍵半導體","15800768","188604250","11.82","12.09","11.79","12.09","0.3800","4490"
"00892","富邦台灣半導體","7142131","78854830","10.90","11.16","10.90","11.16","0.2900","1425"
"00893","國泰智能電動車","20631703","274490003","13.29","13.34","13.25","13.32","0.1500","4166"
"00894","中信小資高價30","1470654","17423109","11.77","11.96","11.75","11.96","0.2500","455"
"00895","富邦未來車","2918145","40188585","13.79","13.80","13.73","13.79","0.1700","1003"
"00896","中信綠能及電動車","1545208","20257534","13.10","13.20","13.03","13.20","0.1400","441"
"00897","富邦基因免疫生技","2087501","21871134","10.48","10.50","10.45","10.49","0.1600","431"
"00898","國泰基因免疫革命","1649721","13143188","7.95","7.98","7.95","7.96","0.0700","394"
"00899","FT潔淨能源","394158","8476377","21.50","21.56","21.48","21.54","0.1000","144"
"00900","富邦特選高股息30","7296074","84998859","11.68","11.74","11.57","11.73","0.0700","2096"
"00901","永豐智能車供應鏈","979505","12008590","12.20","12.35","12.17","12.35","0.2100","293"
"00902","中信電池及儲能","4561146","63958471","14.00","14.09","13.94","14.00","0.1200","1119"
"00903","富邦元宇宙","7276295","78180768","10.71","10.80","10.70","10.79","0.3700","1734"
"00904","新光臺灣半導體30","1354262","15406742","11.29","11.52","11.27","11.52","0.3200","416"
"00905","FT臺灣Smart","534723","4674603","8.70","8.79","8.69","8.79","0.1100","261"
"00906","大華元宇宙科技50","140052","1378833","9.82","9.92","9.78","9.83","0.2300","70"
"00907","永豐優息存股","452778","6450408","14.24","14.32","14.15","14.32","0.0800","374"
"00908","富邦入息REITs+","1158271","17120808","14.81","14.82","14.77","14.79","0.0300","136"
"00909","國泰數位支付服務","2865813","48053786","16.83","16.87","16.72","16.75","0.1600","505"
"00910","第一金太空衛星","2460272","37188988","15.04","15.26","15.04","15.16","0.1400","419"
"00911","兆豐洲際半導體","1361260","21131349","15.55","15.66","15.43","15.66","0.3800","216"
"00912","中信臺灣智慧50","1797804","26561243","14.62","14.88","14.62","14.88","0.3200","351"
"01001T","土銀富邦R1","4000","66110","16.53","16.55","16.50","16.55","0.0000","4"
"01002T","土銀國泰R1","10000","179970","18.06","18.06","17.99","17.99","-0.0900","8"
"01003T","兆豐新光R1","26000","514660","19.80","19.80","19.70","19.79","-0.0100","17"
"01004T","土銀富邦R2","150000","2382500","15.89","15.89","15.88","15.88","-0.0200","2"
"01007T","兆豐國泰R2","","","","","","","0.0000",""
"01009T","王道圓滿R1","26000","232860","9.05","9.05","8.94","9.04","0.1000","8"
"01010T","京城樂富R1","52104","531695","10.20","10.24","10.20","10.24","0.0400","11"
"020000","富邦特選蘋果N","","","","","","","0.0000",""
"020002","元富新中國N","6000","83280","13.89","13.89","13.86","13.89","-0.1500","3"
"020007","凱基臺灣500N","","","","","","","0.0000",""
"020011","統一微波高息20N","10000","67800","6.78","6.78","6.78","6.78","0.0000","1"
"020012","富邦行動通訊N","1000","6780","6.78","6.78","6.78","6.78","0.0200","1"
"020015","統一MSCI美低波N","","","","","","","0.0000",""
"020016","統一MSCI美科技N","","","","","","","0.0000",""
"020018","統一價值成長30N","10000","143010","14.20","14.32","14.20","14.32","0.2700","5"
"020019","統一特選台灣5GN","11000","131650","11.95","12.00","11.95","12.00","0.1500","5"
"02001L","富邦蘋果正二N","256000","2171640","8.33","8.58","8.30","8.58","0.3100","18"
"02001R","富邦蘋果反一N","15000","47850","3.19","3.19","3.19","3.19","0.0000","1"
"020020","元大台股領航N","81000","521530","6.35","6.49","6.35","6.49","0.1400","35"
"020022","元大電動車N","140000","687220","4.92","4.94","4.87","4.93","0.0000","34"
"020028","元大特選電動車N","320000","1514110","4.77","4.77","4.70","4.76","0.0000","33"
"020029","元大ESG高股息N","231000","1017750","4.34","4.45","4.34","4.45","0.1300","51"
"020030","統一智慧電動車N","273000","1069320","3.84","3.96","3.84","3.96","0.1200","45"
"020031","統一IC設計臺灣N","977000","3529550","3.55","3.67","3.55","3.66","0.1400","122"
"020032","元大綠能N","137000","619930","4.54","4.55","4.50","4.54","0.0200","32"
"020034","元大IC設計N","1558000","6342870","4.02","4.14","4.01","4.14","0.1700","131"
"1101","台泥","45444390","1725306759","38.00","38.40","37.80","38.05","0.0000","27248"
"1101B","台泥乙特","39001","1962050","50.20","50.50","50.00","50.40","0.0000","35"
"1102","亞泥","11351824","502113093","44.10","44.50","43.85","44.50","0.4500","2853"
"1103","嘉泥","193075","3456315","17.90","17.95","17.80","17.95","0.0500","108"
"1104","環泥","312480","6963133","22.30","22.35","22.20","22.35","0.1500","179"
"1108","幸福","59083","630663","10.65","10.75","10.65","10.65","0.0500","39"
"1109","信大","144872","2882186","19.80","20.00","19.70","19.75","0.0500","55"
"1110","東泥","324200","5894300","17.95","18.30","17.95","18.25","0.0000","104"
"1201","味全","361861","7433446","20.65","20.70","20.50","20.60","0.0000","250"
"1203","味王","12238","407159","33.50","33.50","33.00","33.05","-0.3500","60"
"1210","大成","230207","10985983","47.95","47.95","47.55","47.90","0.2000","327"
"1213","大飲","11000","85080","7.71","7.81","7.70","7.81","0.0900","7"
"1215","卜蜂","124170","9454925","76.60","76.60","75.80","76.40","0.2000","259"
"1216","統一","8482559","572778742","68.20","68.20","66.80","67.90","0.1000","4167"
"1217","愛之味","714121","7506617","10.55","10.60","10.40","10.60","0.1500","386"
"1218","泰山","1217376","42227756","36.20","36.20","34.15","34.20","-1.5000","1007"
"1219","福壽","567398","11176183","19.85","19.85","19.55","19.80","0.1000","324"
"1220","台榮","338031","5253907","15.60","15.60","15.45","15.60","0.0500","197"
"1225","福懋油","14001","689646","49.10","49.65","48.95","49.65","1.0000","10"
"1227","佳格","1226810","51777455","42.80","42.80","42.00","42.20","0.0000","1259"
"1229","聯華","555367","30961502","56.00","56.10","55.50","55.90","0.0000","612"
"1231","聯華食","277734","21501333","76.70","78.10","75.50","78.00","1.5000","410"
"1232","大統益","14253","2190822","153.00","154.00","153.00","154.00","1.0000","71"
"1233","天仁","6001","205283","34.45","34.45","34.10","34.20","0.1000","7"
"1234","黑松","388158","13422579","34.50","34.65","34.50","34.65","0.1500","215"
"1235","興泰","7000","405300","58.20","58.20","57.50","58.00","0.0000","7"
"1236","宏亞","295097","7808432","26.50","26.80","26.15","26.50","0.4500","185"
"1256","鮮活果汁-KY","14568","4133640","286.50","286.50","281.00","283.00","3.5000","176"
"1301","台塑","12818532","1134161042","88.50","89.40","87.30","88.80","1.0000","6520"
"1303","南亞","11886186","766984234","63.70","65.30","63.50","65.00","1.7000","6500"
"1304","台聚","5025381","128946445","25.80","25.90","25.40","25.70","-0.1500","1826"
"1305","華夏","813163","22979131","28.30","28.40","28.05","28.30","0.1500","485"
"1307","三芳","13863","267742","19.30","19.40","19.30","19.30","0.1000","32"
"1308","亞聚","1675646","48628828","28.95","29.15","28.80","29.10","0.3500","862"
"1309","台達化","676288","19031102","28.15","28.40","27.95","28.05","0.0500","419"
"1310","台苯","602007","8260530","13.70","13.85","13.60","13.80","0.1500","387"
"1312","國喬","1922937","37290350","19.40","19.50","19.25","19.50","0.1500","690"
"1312A","國喬特","1000","29400","29.40","29.40","29.40","29.40","0.0500","1"
"1313","聯成","783007","11708612","14.95","15.05","14.80","15.05","0.2000","327"
"1314","中石化","6865886","69108351","10.05","10.15","10.00","10.10","0.0500","1865"
"1315","達新","29133","2011965","68.60","69.20","68.60","69.00","0.4000","43"
"1316","上曜","1081532","16825031","15.85","15.85","15.50","15.55","-0.2000","481"
"1319","東陽","7374698","347403733","47.55","47.65","46.55","47.50","0.2500","4311"
"1321","大洋","98000","3130050","31.95","32.10","31.85","32.10","0.1500","48"
"1323","永裕","34550","1150124","33.30","33.40","33.20","33.40","0.1000","33"
"1324","地球","9258","97334","10.45","10.55","10.45","10.55","0.0500","13"
"1325","恆大","403677","9896192","24.40","25.00","24.20","25.00","0.4000","278"
"1326","台化","6673470","448999922","66.80","67.80","66.40","67.70","0.9000","3966"
"1337","再生-KY","72689","442760","6.13","6.13","6.06","6.09","0.0500","86"
"1338","廣華-KY","321126","17058754","53.70","54.00","52.50","53.90","0.4000","229"
"1339","昭輝","240112","9500016","39.85","40.00","39.20","40.00","0.2500","228"
"1340","勝悅-KY","36470","362747","9.96","9.99","9.91","9.99","0.0400","88"
"1341","富林-KY","3001","195265","65.00","65.10","65.00","65.10","0.0000","4"
"1342","八貫","101255","6760207","66.20","67.50","65.60","66.70","0.9000","103"
"1402","遠東新","13550349","438626874","32.50","32.55","32.05","32.40","0.1000","2611"
"1409","新纖","1268766","22837348","18.10","18.10","17.90","18.00","0.0000","545"
"1410","南染","430299","14521994","33.00","34.30","32.90","33.45","0.4500","423"
"1413","宏洲","44099","417121","9.50","9.54","9.40","9.48","-0.0200","28"
"1414","東和","85265","1369072","16.00","16.15","15.85","16.15","0.3000","67"
"1416","廣豐","68372","704180","10.35","10.35","10.25","10.30","0.0000","156"
"1417","嘉裕","213041","2148360","10.10","10.10","10.05","10.10","0.0000","91"
"1418","東華","21243","350498","16.90","16.90","16.40","16.40","-0.0500","19"
"1419","新紡","4493","181132","40.25","40.50","40.25","40.30","0.0500","10"
"1423","利華","21201","395758","18.70","18.85","18.60","18.70","0.0000","17"
"1432","大魯閣","341550","4203525","12.50","12.50","12.20","12.35","0.0500","273"
"1434","福懋","856648","22565101","26.40","26.45","26.25","26.35","0.0000","556"
"1435","中福","1132","60336","53.20","53.20","53.20","53.20","-2.0000","22"
"1436","華友聯","54370","3357901","61.60","62.00","61.20","62.00","0.1000","47"
"1437","勤益控","67200","1599948","23.65","23.85","23.60","23.80","0.1500","56"
"1438","三地開發","88250","2876562","32.45","32.95","32.10","32.75","0.8500","74"
"1439","中和","18036","353197","19.80","19.80","19.40","19.40","0.4000","16"
"1440","南紡","974956","17470578","17.90","18.05","17.80","18.00","0.1000","491"
"1441","大東","71634","571014","7.96","8.00","7.95","7.99","0.0400","183"
"1442","名軒","131355","2949377","22.65","22.65","22.35","22.50","-0.1500","95"
"1443","立益","88469","1409629","15.90","16.35","15.85","16.05","0.2500","28"
"1444","力麗","759730","7793523","10.25","10.30","10.20","10.30","0.0500","281"
"1445","大宇","18000","276000","15.30","15.40","15.25","15.35","0.0000","9"
"1446","宏和","32100","1020289","31.85","31.90","31.60","31.90","0.1500","21"
"1447","力鵬","553073","4356916","7.82","7.91","7.82","7.89","0.0700","208"
"1449","佳和","19471","179189","9.22","9.25","9.17","9.21","0.0200","33"
"1451","年興","390731","8546290","21.60","22.05","21.60","22.05","0.4500","192"
"1452","宏益","49465","916103","18.50","18.60","18.50","18.50","-0.0500","53"
"1453","大將","839739","15745279","18.65","19.10","18.30","19.10","0.5500","478"
"1454","台富","156564","2043883","13.25","13.30","12.90","13.05","0.0000","82"
"1455","集盛","569447","6461725","11.35","11.45","11.20","11.45","0.1000","219"
"1456","怡華","83035","1390333","17.05","17.05","16.65","16.80","-0.2000","40"
"1457","宜進","103698","1742967","16.75","16.90","16.75","16.90","0.1500","69"
"1459","聯發","242187","2246924","9.14","9.44","9.14","9.37","0.2300","144"
"1460","宏遠","190344","1381997","7.30","7.30","7.23","7.28","0.0000","112"
"1463","強盛","46120","629139","13.65","13.70","13.60","13.70","0.1000","20"
"1464","得力","90837","1162320","12.80","12.90","12.70","12.90","0.1000","124"
"1465","偉全","2953","36803","","","","","0.0000","59"
"1466","聚隆","102327","1279798","12.50","12.70","12.30","12.65","0.2500","58"
"1467","南緯","444580","5772679","13.10","13.10","12.85","12.95","-0.0500","181"
"1468","昶和","55000","700150","12.80","12.90","12.60","12.90","0.0500","42"
"1470","大統新創","35000","682900","19.70","20.00","19.25","19.70","-0.3000","29"
"1471","首利","4893137","42622575","8.10","8.91","8.10","8.91","0.8100","1534"
"1472","三洋實業","4000","91200","22.95","22.95","22.60","22.75","0.4500","4"
"1473","台南","295727","5892781","20.20","20.25","19.65","20.00","0.0000","173"
"1474","弘裕","84255","986123","11.80","11.80","11.65","11.75","-0.0500","72"
"1475","業旺","17079","983534","57.70","57.80","57.50","57.80","0.7000","12"
"1476","儒鴻","726439","323779791","441.50","452.00","440.00","449.00","4.0000","941"
"1477","聚陽","1310932","188634129","144.00","146.00","142.00","145.50","2.5000","966"
"1503","士電","346607","21521661","62.00","62.90","60.90","62.90","0.9000","258"
"1504","東元","2324824","66324853","28.75","28.85","28.30","28.70","0.0000","1280"
"1506","正道","223070","3390649","15.45","15.45","15.10","15.15","-0.0500","113"
"1512","瑞利","39001","118533","3.03","3.12","3.03","3.06","0.0400","16"
"1513","中興電","17519202","932717081","54.50","54.60","52.30","53.90","-0.2000","10825"
"1514","亞力","19767759","687384994","38.00","38.05","34.20","34.20","-3.8000","9613"
"1515","力山","1527931","49964657","32.20","33.20","31.95","33.05","1.1500","997"
"1516","川飛","122506","2810302","23.00","23.35","22.70","23.00","-0.1500","90"
"1517","利奇","2573397","62232831","24.60","24.95","23.80","24.25","-0.1500","1474"
"1519","華城","571743","20981130","37.10","37.10","36.25","36.85","0.0000","375"
"1521","大億","24008","827077","34.50","34.65","34.30","34.35","-0.3000","20"
"1522","堤維西","27978263","829377494","30.70","30.85","28.90","29.95","-0.6500","13756"
"1522A","堤維西甲特","23054","1018986","44.20","44.20","44.20","44.20","0.0000","5"
"1524","耿鼎","20943712","437048914","21.20","21.30","20.35","21.25","0.2000","8432"
"1525","江申","40200","2398588","59.70","60.10","59.00","59.40","-0.6000","31"
"1526","日馳","117701","4983344","42.45","42.75","42.00","42.55","0.1500","114"
"1527","鑽全","196671","8189239","41.70","41.80","41.35","41.80","0.0000","165"
"1528","恩德","322040","3059772","9.48","9.56","9.42","9.46","-0.0200","188"
"1529","樂士","342100","5967239","17.35","17.60","17.25","17.55","0.3000","221"
"1530","亞崴","14183","418457","29.15","29.85","29.15","29.80","0.8000","45"
"1531","高林股","69903","996567","14.20","14.40","14.15","14.20","0.0500","123"
"1532","勤美","92154","2712070","29.45","29.60","29.25","29.55","0.2000","89"
"1533","車王電","1431499","86602981","60.60","61.20","59.40","61.00","0.6000","993"
"1535","中宇","12110","485214","40.15","40.30","39.95","40.05","-0.1500","15"
"1536","和大","1502230","113015384","75.70","76.40","74.50","74.70","-1.3000","1335"
"1537","廣隆","50076","6940585","139.00","139.00","138.00","138.50","-0.5000","64"
"1538","正峰","1001","6306","6.30","6.30","6.30","6.30","0.0000","2"
"1539","巨庭","2807221","80019061","28.70","29.10","27.75","28.70","0.3000","1549"
"1540","喬福","78084","1089241","14.00","14.10","13.85","13.95","0.0000","79"
"1541","錩泰","116011","4134191","35.35","36.10","34.95","36.00","0.4000","81"
"1558","伸興","32032","4434859","138.00","138.50","138.00","138.00","0.0000","45"
"1560","中砂","14989316","2364669234","157.50","159.50","155.50","158.50","3.0000","10504"
"1568","倉佑","2814125","76569935","28.00","28.00","26.65","27.40","-0.2500","1842"
"1582","信錦","105486","6549569","62.00","62.90","61.40","62.70","1.0000","116"
"1583","程泰","8000","475700","58.10","60.00","58.10","60.00","0.2000","8"
"1587","吉茂","90667","2228187","24.80","24.90","24.50","24.55","-0.0500","73"
"1589","永冠-KY","238424","13366214","56.00","57.00","55.20","57.00","1.5000","202"
"1590","亞德客-KY","596947","530048352","893.00","894.00","878.00","889.00","-5.0000","564"
"1597","直得","40636","3006151","74.10","75.30","73.50","73.90","-0.2000","117"
"1598","岱宇","360274","14294713","39.00","40.40","38.75","40.00","1.4000","295"
"1603","華電","182441","5058657","27.30","28.00","27.25","28.00","0.7000","109"
"1604","聲寶","255707","6516397","25.60","25.70","25.35","25.70","0.1000","266"
"1605","華新","40056303","1349966317","34.00","34.30","33.20","34.05","0.5500","15291"
"1608","華榮","484971","7025762","14.70","14.70","14.35","14.60","0.0000","300"
"1609","大亞","3873893","89912012","23.35","23.50","22.95","23.40","0.0000","1956"
"1611","中電","4795137","91297820","19.45","19.45","18.80","19.05","0.0000","2328"
"1612","宏泰","1132937","19425655","17.30","17.40","16.95","17.35","0.1500","483"
"1614","三洋電","14067","493295","35.00","35.25","34.85","35.20","0.2500","14"
"1615","大山","21171","666711","31.80","31.80","31.15","31.50","-0.1500","26"
"1616","億泰","200067","1503329","7.49","7.57","7.45","7.55","0.0800","114"
"1617","榮星","31950","506550","15.85","15.90","15.80","15.90","0.0500","34"
"1618","合機","21045","253384","12.15","12.15","11.95","12.05","0.0500","32"
"1626","艾美特-KY","33081","566472","17.15","17.20","17.05","17.10","-0.0500","63"
"1701","中化","388368","8468839","21.85","21.95","21.70","21.90","0.1000","263"
"1702","南僑","231329","10474418","44.80","45.60","44.80","45.40","0.6000","212"
"1707","葡萄王","172639","22255397","129.00","129.50","128.00","129.50","0.0000","336"
"1708","東鹼","8140346","369333058","45.25","46.15","44.75","45.60","0.0000","4633"
"1709","和益","1293710","29930404","23.30","23.35","22.95","23.20","0.1000","569"
"1710","東聯","777852","13442965","17.25","17.50","17.10","17.35","0.0500","321"
"1711","永光","2468417","49117458","19.85","20.05","19.75","20.00","0.4500","1137"
"1712","興農","2312524","76733876","32.75","33.50","32.75","33.30","0.5500","1322"
"1713","國化","4024","98249","24.40","24.45","24.40","24.40","0.0000","6"
"1714","和桐","774645","7144399","9.20","9.28","9.16","9.28","0.0800","299"
"1717","長興","3940431","132579849","33.95","34.00","33.50","33.65","0.0000","2420"
"1718","中纖","1300950","9831918","7.55","7.63","7.47","7.63","0.1100","538"
"1720","生達","531697","24196448","46.00","46.00","45.30","45.45","-0.5500","416"
"1721","三晃","1064700","17183563","15.90","16.30","15.80","16.25","0.4500","679"
"1722","台肥","1250856","77521774","61.70","62.30","61.50","62.00","0.1000","1051"
"1723","中碳","565765","66103702","118.00","118.50","116.00","117.00","-1.0000","476"
"1725","元禎","122064","2573550","21.05","21.40","20.80","21.40","0.4000","80"
"1726","永記","1001","71671","71.60","71.60","71.60","71.60","0.0000","2"
"1727","中華化","1189513","38355317","31.85","32.60","31.60","32.50","0.6500","657"
"1730","花仙子","10432","605416","58.00","58.00","58.00","58.00","0.0000","28"
"1731","美吾華","209902","3675764","17.45","17.65","17.35","17.55","0.2000","105"
"1732","毛寶","350533","10255599","29.35","29.65","28.90","29.30","0.0500","225"
"1733","五鼎","267786","7081265","26.70","26.70","26.30","26.50","-0.2000","183"
"1734","杏輝","358932","10120183","28.20","28.35","28.05","28.30","0.0000","293"
"1735","日勝化","16997","234404","14.05","14.05","13.65","13.75","0.1000","77"
"1736","喬山","94011","4931283","51.80","53.00","51.80","53.00","0.5000","89"
"1737","臺鹽","90441","3000318","33.20","33.40","33.10","33.30","0.1000","80"
"1752","南光","44000","1561150","35.60","35.70","35.35","35.55","0.2000","37"
"1760","寶齡富錦","6121517","707983461","117.50","118.00","113.00","117.00","0.0000","4641"
"1762","中化生","326405","18532218","57.50","57.60","56.20","57.00","0.0000","278"
"1773","勝一","263919","38018859","144.00","146.00","142.50","145.50","2.0000","294"
"1776","展宇","3178","59933","18.85","18.85","18.85","18.85","-0.0500","7"
"1783","和康生","356441","15317611","43.05","43.60","42.50","43.45","0.7000","242"
"1786","科妍","19564","782612","40.75","40.90","39.70","39.95","-0.1500","38"
"1789","神隆","588346","15040988","25.80","25.90","25.35","25.50","-0.1000","492"
"1795","美時","7117911","944189328","131.50","135.00","128.50","135.00","5.0000","4976"
"1802","台玻","1719889","30311893","17.80","17.85","17.50","17.60","-0.0500","913"
"1805","寶徠","37857","446992","11.60","12.05","11.55","11.85","0.2500","28"
"1806","冠軍","837827","7931826","9.59","9.59","9.36","9.48","-0.1100","351"
"1808","潤隆","329413","21326047","64.30","65.20","64.30","65.20","0.6000","106"
"1809","中釉","97803","1158025","11.85","11.90","11.80","11.85","0.0500","68"
"1810","和成","427202","4852329","11.50","11.50","11.25","11.35","-0.1500","122"
"1817","凱撒衛","11085","363244","32.80","32.80","32.75","32.75","0.0000","21"
"1903","士紙","30205","1711069","56.90","56.90","56.50","56.70","0.3000","37"
"1904","正隆","1202382","31720769","26.40","26.50","26.15","26.45","0.1000","843"
"1905","華紙","660786","11127952","16.90","16.95","16.70","16.90","0.1500","337"
"1906","寶隆","1129200","20439030","17.90","18.30","17.85","18.20","0.4000","207"
"1907","永豐餘","811598","19082735","23.45","23.80","23.20","23.55","0.1500","570"
"1909","榮成","2403181","37540526","15.50","15.75","15.45","15.75","0.3000","909"
"2002","中鋼","72413731","2193039470","30.35","30.50","29.90","30.50","0.0000","20621"
"2002A","中鋼特","25644","1296542","50.60","50.70","50.30","50.70","0.0000","42"
"2006","東和鋼鐵","5086953","249939088","49.20","49.65","48.50","49.40","0.0000","3322"
"2007","燁興","497521","5657837","11.45","11.45","11.25","11.45","0.0000","246"
"2008","高興昌","16307","265830","16.30","16.35","16.30","16.30","0.0000","11"
"2009","第一銅","2419675","66827288","28.00","28.25","27.35","27.65","-0.5000","1331"
"2010","春源","583649","9183628","15.75","15.95","15.60","15.95","0.1500","377"
"2012","春雨","65556","1579607","24.10","24.40","24.00","24.05","-0.0500","64"
"2013","中鋼構","250535","13007833","52.00","52.40","51.60","52.20","0.0000","248"
"2014","中鴻","18848084","533851026","29.00","29.00","28.05","28.10","-1.3000","9678"
"2015","豐興","298231","19511602","66.30","66.30","65.20","65.30","-1.0000","271"
"2017","官田鋼","226540","2740033","12.05","12.15","12.05","12.15","0.0000","169"
"2020","美亞","132408","2964159","22.65","22.65","22.30","22.40","-0.0500","97"
"2022","聚亨","650308","5466027","8.50","8.55","8.35","8.40","-0.1000","352"
"2023","燁輝","2309379","37121507","16.00","16.20","15.85","16.15","0.1000","1046"
"2024","志聯","88008","1578641","17.80","18.15","17.70","17.95","0.0000","71"
"2025","千興","128005","706205","5.50","5.56","5.50","5.50","-0.0300","49"
"2027","大成鋼","9295760","323851854","34.90","35.10","34.40","35.05","0.2000","4723"
"2028","威致","386429","8727559","22.40","22.80","22.35","22.70","0.1500","229"
"2029","盛餘","476301","10890878","23.05","23.05","22.70","23.00","0.0000","235"
"2030","彰源","4633251","102308824","22.10","22.35","21.80","22.20","0.0000","1648"
"2031","新光鋼","1451871","51514509","35.85","35.85","35.15","35.70","-0.3000","862"
"2032","新鋼","352492","6602246","19.00","19.00","18.50","19.00","0.0500","194"
"2033","佳大","143173","2126749","15.20","15.20","14.65","14.90","-0.1000","106"
"2034","允強","5426869","152239353","28.70","28.70","27.65","28.00","-0.5000","3323"
"2038","海光","574430","12163376","21.35","21.40","20.90","21.25","0.0500","323"
"2049","上銀","1800451","408391752","227.00","229.00","224.00","229.00","2.0000","3231"
"2059","川湖","217699","91657653","416.50","425.00","415.00","423.00","7.5000","238"
"2062","橋椿","68151","1604212","23.40","23.80","23.20","23.70","0.3000","60"
"2069","運錩","3541660","77637687","20.60","22.55","20.45","22.05","1.4500","1682"
"2101","南港","496590","19122154","38.70","38.70","38.40","38.60","0.0000","256"
"2102","泰豐","454533","8660896","19.05","19.30","18.80","19.30","0.6000","229"
"2103","台橡","1104823","28002968","25.20","25.55","25.05","25.50","0.4500","644"
"2104","國際中橡","941340","18799869","19.90","20.05","19.85","20.00","0.1500","366"
"2105","正新","4347540","156504247","35.55","36.15","35.55","36.15","0.3500","1781"
"2106","建大","2129524","77445862","36.30","36.75","36.00","36.65","0.0500","1496"
"2107","厚生","241592","4926371","20.50","20.50","20.35","20.40","-0.1000","89"
"2108","南帝","815485","34799991","42.15","43.15","42.15","43.00","0.8500","639"
"2109","華豐","99311","1426387","14.30","14.45","14.30","14.30","0.0000","60"
"2114","鑫永銓","14176","1464304","103.50","103.50","103.00","103.50","-0.5000","20"
"2115","六暉-KY","20113","619835","30.90","30.90","30.75","30.90","0.1000","23"
"2201","裕隆","11068961","515289283","47.45","47.65","45.95","46.95","-0.5500","6648"
"2204","中華","4248371","228396144","54.20","54.20","53.10","53.40","0.0000","1699"
"2206","三陽工業","2736601","96592213","35.80","35.85","35.10","35.20","-0.6500","1513"
"2207","和泰車","139987","82360177","594.00","594.00","582.00","589.00","1.0000","137"
"2208","台船","1383720","25532641","18.30","18.60","18.25","18.60","0.4000","647"
"2211","長榮鋼","556445","34778590","62.40","62.90","61.70","62.80","0.9000","349"
"2227","裕日車","38243","8241945","215.00","216.00","215.00","215.50","0.0000","82"
"2228","劍麟","29480","1857080","63.30","63.30","62.60","63.20","0.4000","33"
"2231","為升","136040","19014087","140.50","140.50","138.50","140.50","0.5000","110"
"2233","宇隆","1485228","176213547","115.00","121.00","115.00","119.00","4.0000","1258"
"2236","百達-KY","41091","853443","21.00","21.05","20.50","20.70","-0.0500","31"
"2239","英利-KY","86852","5118870","58.10","59.90","58.00","58.90","0.0000","78"
"2241","艾姆勒","22041","703357","31.80","32.10","31.80","32.00","0.3000","21"
"2243","宏旭-KY","99000","1487450","15.25","15.25","14.90","15.00","-0.1000","64"
"2247","汎德永業","10550","2106919","199.50","200.00","199.50","199.50","0.5000","31"
"2250","IKKA-KY","9043","762932","83.60","84.70","83.60","84.70","0.6000","15"
"2301","光寶科","17787514","1106710766","63.00","64.20","61.30","62.20","-2.4000","10390"
"2302","麗正","545608","8814749","16.50","16.50","16.00","16.20","0.0000","312"
"2303","聯電","137873596","5793954738","41.00","42.80","40.80","42.80","2.0500","63065"
"2305","全友","30406716","597953685","19.25","20.60","18.70","20.60","1.8500","12539"
"2308","台達電","5954625","1487066384","252.00","252.00","247.00","250.00","1.0000","6342"
"2312","金寶","4931930","62700877","12.70","12.80","12.60","12.75","0.0500","1243"
"2313","華通","21192780","1039919540","49.70","49.90","48.55","49.35","-0.3500","12546"
"2314","台揚","5384053","248319961","45.50","46.80","45.25","46.35","1.3500","3138"
"2316","楠梓電","229443","6311428","27.20","27.75","27.20","27.75","0.6000","150"
"2317","鴻海","23244090","2434920176","104.00","105.50","103.50","105.50","2.0000","9266"
"2321","東訊","11276","60996","5.41","5.41","5.41","5.41","-0.2100","15"
"2323","中環","1909060","14434938","7.55","7.61","7.51","7.59","0.0800","730"
"2324","仁寶","19048812","423958199","22.15","22.45","21.95","22.40","0.3000","8623"
"2327","國巨","3564044","1181080446","323.00","336.50","323.00","336.50","14.0000","3456"
"2328","廣宇","1791922","62290552","34.50","35.00","34.40","35.00","0.5500","1020"
"2329","華泰","4201846","66190233","15.60","16.00","15.55","15.90","0.0000","1324"
"2330","台積電","22695063","11288621220","496.00","501.00","494.00","501.00","6.0000","23035"
"2331","精英","3416579","73889515","21.75","21.90","21.30","21.85","0.1500","1389"
"2332","友訊","1968609","32004131","16.35","16.40","15.90","16.30","0.2000","867"
"2337","旺宏","8243378","264997678","32.00","32.40","31.90","32.35","0.2500","4203"
"2338","光罩","3720190","281120486","74.30","76.60","74.10","76.60","2.9000","2712"
"2340","台亞","8567524","364563163","42.00","43.55","41.80","43.45","0.0000","4589"
"2342","茂矽","681418","25619287","37.05","37.95","36.90","37.95","1.1000","566"
"2344","華邦電","17324000","391792357","22.30","22.90","22.20","22.90","0.6500","6028"
"2345","智邦","3991676","1007811500","256.00","259.00","249.00","250.50","-3.0000","7156"
"2347","聯強","7036629","380516350","53.70","54.60","53.10","54.40","0.9000","3153"
"2348","海悅","61595","5644120","91.60","92.00","91.10","92.00","0.5000","63"
"2348A","海悅甲特","1167","42653","36.55","36.55","36.55","36.55","0.0000","3"
"2349","錸德","750117","5620113","7.45","7.56","7.45","7.50","0.0700","328"
"2351","順德","3042818","344135991","111.00","114.50","111.00","114.50","3.5000","2182"
"2352","佳世達","12416706","377831028","30.95","31.05","30.15","30.50","-0.3500","5624"
"2353","宏碁","18630288","412941360","22.25","22.40","21.80","22.30","0.2500","5315"
"2354","鴻準","3392574","163832639","47.70","48.75","47.40","48.75","1.2500","2580"
"2355","敬鵬","526488","15098287","28.45","28.85","28.45","28.80","0.3500","420"
"2356","英業達","6051483","137460731","22.70","22.90","22.50","22.75","0.2000","2601"
"2357","華碩","3599734","1149122961","316.00","323.00","316.00","322.00","6.0000","3190"
"2358","廷鑫","1190212","20702816","17.15","17.70","17.05","17.55","0.4500","590"
"2359","所羅門","9970153","283167174","28.20","28.95","27.40","28.70","0.8000","4829"
"2360","致茂","508245","81668177","160.00","163.00","158.00","163.00","2.5000","414"
"2362","藍天","368903","11262365","30.55","30.75","30.40","30.60","0.2000","179"
"2363","矽統","5328667","108016022","19.75","20.55","19.75","20.30","0.5500","1813"
"2364","倫飛","2703197","141468174","49.15","52.80","49.10","52.80","4.7500","1374"
"2365","昆盈","235978","2305313","9.73","9.82","9.72","9.77","0.1700","143"
"2367","燿華","2083588","35757224","17.15","17.30","17.00","17.20","0.2000","824"
"2368","金像電","10771107","889029140","82.20","83.30","81.50","82.70","0.7000","7335"
"2369","菱生","1399819","23652972","16.75","17.00","16.75","17.00","0.2500","640"
"2371","大同","12692301","451689853","35.65","35.75","35.15","35.70","0.0500","2391"
"2373","震旦行","7732","649407","84.00","84.10","83.80","84.00","0.6000","12"
"2374","佳能","18360057","463824319","24.00","26.15","24.00","26.15","2.3500","7267"
"2375","凱美","1386752","78253499","55.60","57.50","55.30","57.20","1.6000","1089"
"2376","技嘉","9556049","929499936","97.10","98.30","96.00","97.90","1.1000","8673"
"2377","微星","5817507","694491597","118.50","120.50","118.00","120.00","0.5000","2659"
"2379","瑞昱","4219287","1540433034","356.50","371.50","355.50","371.50","17.5000","3816"
"2380","虹光","486452","4487814","9.09","9.48","9.06","9.48","0.4400","291"
"2382","廣達","11261634","935615785","81.90","83.90","81.70","83.70","2.6000","5904"
"2383","台光電","3396754","570751915","166.00","170.00","163.50","170.00","6.5000","2576"
"2385","群光","781412","59738699","76.50","76.80","75.90","76.80","1.0000","675"
"2387","精元","1481236","55975623","37.70","38.35","37.10","38.35","0.8500","863"
"2388","威盛","35031276","2038769644","54.90","60.30","54.40","60.30","5.4000","16033"
"2390","云辰","717557","10551161","14.50","14.90","14.50","14.90","0.4000","396"
"2392","正崴","558832","17609587","31.65","31.70","31.30","31.70","0.1500","466"
"2393","億光","1053032","44287197","42.10","42.30","41.80","42.30","0.4500","613"
"2395","研華","932773","316195266","343.00","344.00","334.00","340.50","4.5000","708"
"2397","友通","4155","235918","56.70","56.70","56.70","56.70","0.0000","6"
"2399","映泰","2115942","34701224","16.70","16.70","16.20","16.45","-0.2500","1243"
"2401","凌陽","13181074","392919679","29.55","30.30","29.30","30.10","1.0000","6636"
"2402","毅嘉","157319","2310495","14.75","14.80","14.60","14.75","0.1000","121"
"2404","漢唐","919253","135284577","144.00","148.50","144.00","148.50","3.5000","903"
"2405","浩鑫","4267102","55363756","12.80","13.15","12.75","13.05","0.3500","1642"
"2406","國碩","2761759","60783863","22.00","22.30","21.75","22.20","0.1500","1282"
"2408","南亞科","7534937","407613473","53.40","54.50","53.30","54.30","0.9000","3441"
"2409","友達","59729459","876638584","14.85","14.95","14.45","14.80","-0.1000","13084"
"2412","中華電","6963743","831155925","119.50","120.00","119.00","119.50","-0.5000","5361"
"2413","環科","172499","3230027","18.50","19.40","18.50","19.25","0.8500","128"
"2414","精技","207684","6986584","33.00","33.80","33.00","33.80","0.9000","189"
"2415","錩新","125049","3690744","29.00","29.90","29.00","29.75","0.7500","119"
"2417","圓剛","446280","9702881","21.55","22.00","21.30","22.00","0.7000","356"
"2419","仲琦","9056096","224935219","24.80","25.20","24.25","25.20","0.1500","4317"
"2420","新巨","46667","1913117","40.70","41.15","40.70","41.00","0.3000","45"
"2421","建準","1726605","64395535","37.50","37.70","36.85","37.70","0.3000","1305"
"2423","固緯","56000","1432900","25.60","25.75","25.50","25.70","0.3500","44"
"2424","隴華","3100","64465","20.80","20.80","20.80","20.80","0.0000","4"
"2425","承啟","918697","25504390","28.10","28.30","27.35","27.45","-0.5000","494"
"2426","鼎元","689586","13353014","19.10","19.50","19.10","19.50","0.4000","322"
"2427","三商電","692033","8957879","13.20","13.20","12.80","13.05","-0.0500","240"
"2428","興勤","626400","87885547","138.50","141.50","138.50","140.50","2.5000","469"
"2429","銘旺科","14270","189940","13.25","13.50","13.10","13.40","-0.3000","15"
"2430","燦坤","196807","6354358","31.75","32.60","31.75","32.55","0.8000","384"
"2431","聯昌","152105","1583149","10.35","10.50","10.35","10.50","0.2000","88"
"2433","互盛電","22557","1091627","48.35","48.50","48.30","48.30","-0.0500","30"
"2434","統懋","65759","2100080","31.70","32.35","31.00","31.00","-0.7000","13"
"2436","偉詮電","1971941","113485401","57.00","58.00","56.60","58.00","1.8000","1362"
"2438","翔耀","28469","373197","13.20","13.20","13.10","13.15","0.0000","19"
"2439","美律","327076","24465754","74.00","75.50","74.00","75.50","1.3000","297"
"2440","太空梭","929578","11845634","12.25","12.95","12.20","12.95","1.1500","420"
"2441","超豐","492294","31525385","63.60","64.50","63.60","64.50","1.3000","469"
"2442","新美齊","302459","3466099","11.45","11.55","11.30","11.55","0.1500","164"
"2443","昶虹","26089","88986","3.50","3.50","3.40","3.49","-0.0100","16"
"2444","兆勁","222027","2587218","11.60","11.80","11.50","11.70","0.1500","110"
"2449","京元電子","19660983","744509325","37.70","38.40","37.65","38.25","0.0000","6668"
"2450","神腦","46462","1437858","30.80","31.30","30.70","31.15","0.3500","51"
"2451","創見","166458","10186530","61.50","61.50","60.90","61.20","0.1000","164"
"2453","凌群","65100","1638930","25.10","25.35","24.90","25.30","0.4500","51"
"2454","聯發科","11719113","8213160534","681.00","716.00","678.00","716.00","45.0000","17760"
"2455","全新","1322422","100062019","74.30","76.40","74.30","76.40","2.2000","1394"
"2457","飛宏","6923482","256716912","36.60","37.50","36.45","37.35","1.3000","4100"
"2458","義隆","2063293","235115499","112.50","115.00","112.00","114.00","3.5000","1393"
"2459","敦吉","12101","575896","47.45","47.70","47.45","47.70","0.2500","15"
"2460","建通","66287","1121791","16.85","17.10","16.75","17.00","0.1500","63"
"2461","光群雷","148140","2720371","18.40","18.40","18.25","18.40","0.0000","76"
"2462","良得電","211773","5569032","26.40","26.45","26.10","26.40","0.3000","159"
"2464","盟立","189439","7093324","37.55","37.65","37.30","37.55","0.0500","178"
"2465","麗臺","1772868","66826880","38.30","38.55","37.25","37.45","-1.1000","1232"
"2466","冠西電","81388","2791794","34.30","34.45","34.15","34.45","0.1500","56"
"2467","志聖","75313","3122506","41.95","41.95","41.20","41.60","0.1000","53"
"2468","華經","53000","669600","12.70","12.70","12.60","12.60","-0.0500","16"
"2471","資通","345830","9065795","25.85","26.50","25.80","26.40","0.0000","237"
"2472","立隆電","275465","15563543","56.60","57.00","55.70","56.70","0.7000","195"
"2474","可成","2640036","444084473","167.00","169.50","165.50","169.00","3.0000","2526"
"2476","鉅祥","1317227","62554856","46.75","48.25","46.55","47.65","0.9000","861"
"2477","美隆電","132269","2710207","20.35","20.70","20.20","20.65","0.3000","83"
"2478","大毅","384048","16997652","43.80","45.30","43.10","44.70","1.7000","299"
"2480","敦陽科","270733","22295544","81.90","83.00","81.40","83.00","1.3000","223"
"2481","強茂","17798629","1151704742","62.50","66.20","62.10","66.20","3.8000","11675"
"2482","連宇","12344518","339039569","27.30","28.05","26.75","27.95","0.7500","5796"
"2483","百容","627226","16090178","25.50","25.95","25.10","25.90","0.7500","360"
"2484","希華","3591977","133725692","37.00","37.65","36.60","37.40","0.7000","1624"
"2485","兆赫","700751","11541330","16.35","16.70","16.25","16.60","0.4000","391"
"2486","一詮","1110926","31630391","27.85","28.80","27.80","28.70","0.8500","662"
"2488","漢平","163705","4659765","28.80","28.85","28.25","28.35","-0.2000","93"
"2489","瑞軒","1605231","19592780","12.10","12.35","11.90","12.35","0.2500","596"
"2491","吉祥全","137010","1830135","13.10","13.65","13.10","13.55","0.4500","86"
"2492","華新科","3087828","314877451","100.50","103.50","99.80","102.50","3.7000","2350"
"2493","揚博","181479","7621521","42.00","42.35","41.75","42.20","0.2000","174"
"2495","普安","235140","3531956","14.85","15.20","14.75","15.05","0.2000","124"
"2496","卓越","2023","94884","46.90","46.90","46.90","46.90","0.4000","5"
"2497","怡利電","4230047","320126183","75.30","76.40","74.50","76.40","1.8000","2721"
"2498","宏達電","180658800","11510777149","60.50","65.60","60.40","65.60","5.9000","82264"
"2501","國建","317922","5266803","16.50","16.70","16.45","16.65","0.1500","207"
"2504","國產","1716411","41164668","24.10","24.15","23.80","24.15","0.1000","857"
"2505","國揚","189765","3550002","18.75","18.85","18.55","18.80","0.3000","110"
"2506","太設","24980","232602","9.33","9.35","9.27","9.32","0.0200","34"
"2509","全坤建","29096","432033","14.80","14.95","14.70","14.90","0.1000","72"
"2511","太子","321268","3730346","11.65","11.70","11.55","11.65","0.0500","143"
"2514","龍邦","109963","1839998","16.80","16.95","16.60","16.70","0.1000","141"
"2515","中工","1715077","14890808","8.70","8.73","8.62","8.73","0.0700","711"
"2516","新建","103233","511738","5.00","5.02","4.92","4.97","-0.0300","57"
"2520","冠德","759436","22554297","29.90","29.90","29.60","29.75","-0.0500","651"
"2524","京城","19091","663519","35.25","35.25","34.65","34.65","-0.6500","27"
"2527","宏璟","149000","3662700","24.40","24.95","24.30","24.75","0.6000","116"
"2528","皇普","55006","1030414","18.80","19.20","18.50","18.80","0.0000","18"
"2530","華建","90740","1306278","14.35","14.45","14.35","14.40","0.0500","33"
"2534","宏盛","2931389","71551787","24.55","24.70","24.10","24.45","-0.1000","1336"
"2535","達欣工","135856","4012544","29.65","29.70","29.45","29.60","0.0500","122"
"2536","宏普","39000","822550","21.15","21.15","21.05","21.05","0.0500","11"
"2537","聯上發","820884","7267204","8.82","8.92","8.80","8.90","0.0800","312"
"2538","基泰","514400","6483140","12.55","12.70","12.55","12.65","0.1000","189"
"2539","櫻花建","90485","2930843","32.50","32.50","32.30","32.35","-0.1000","74"
"2540","愛山林","265665","31189705","117.00","118.00","116.00","118.00","1.0000","73"
"2542","興富發","7606906","342653390","45.25","45.40","44.80","45.15","-0.2000","4976"
"2543","皇昌","81008","659884","8.13","8.20","8.10","8.20","0.0700","63"
"2545","皇翔","473362","19923542","42.30","42.40","41.90","42.05","-0.4500","279"
"2546","根基","74145","3956344","53.10","53.70","53.10","53.10","0.1000","96"
"2547","日勝生","185152","1665422","8.96","9.02","8.96","9.00","0.0700","137"
"2548","華固","304968","26524016","86.40","87.40","86.40","87.30","0.9000","279"
"2597","潤弘","973333","80859156","83.10","87.50","80.50","87.10","2.1000","863"
"2601","益航","8076557","79772358","9.81","10.15","9.74","9.74","0.0100","2534"
"2603","長榮","93530203","8625855062","90.50","93.00","90.50","93.00","3.3000","42338"
"2605","新興","24366531","604746517","24.85","24.85","24.40","24.85","2.2500","5724"
"2606","裕民","34823830","1506773048","43.20","45.10","42.15","43.30","1.8500","18221"
"2607","榮運","6883212","202652819","29.25","30.30","29.05","29.10","0.0000","3559"
"2608","嘉里大榮","679746","27142883","39.30","40.20","39.30","40.20","0.7000","507"
"2609","陽明","49109329","4323168743","87.30","88.80","87.10","88.30","1.7000","26395"
"2610","華航","38066616","886738828","23.35","23.60","23.10","23.30","0.0500","11441"
"2611","志信","2346447","46463434","19.40","20.80","19.40","19.65","0.4500","1408"
"2612","中航","2745594","114323699","40.90","43.55","40.45","40.85","0.8500","1715"
"2613","中櫃","1660736","46908977","27.80","29.40","27.70","28.10","0.4500","959"
"2614","東森","29971278","816479345","26.65","28.00","26.55","27.65","1.7500","14998"
"2615","萬海","14745830","1561132357","104.50","107.50","104.50","105.50","2.0000","9158"
"2616","山隆","45605","1546268","33.85","34.05","33.80","33.90","0.1000","144"
"2617","台航","4833372","136223925","27.80","29.15","27.65","28.00","0.6000","2518"
"2618","長榮航","99402049","3401496057","34.15","34.75","33.70","34.25","0.2500","29641"
"2630","亞航","55581","933615","17.00","17.00","16.50","16.85","-0.1500","51"
"2633","台灣高鐵","3760062","109943774","29.40","29.40","29.05","29.20","0.2000","1592"
"2634","漢翔","11950531","414746260","35.35","35.35","34.20","34.70","-0.6500","5636"
"2636","台驊投控","1848008","156806427","83.60","85.90","83.60","85.90","2.9000","1551"
"2637","慧洋-KY","26832133","1854166354","68.10","71.80","67.60","68.20","1.0000","15412"
"2642","宅配通","321486","17244329","52.80","54.40","52.80","53.90","1.1000","273"
"2701","萬企","120632","1430947","11.80","11.95","11.70","11.90","0.2000","43"
"2702","華園","431553","11883209","27.80","27.90","27.30","27.60","-0.2000","279"
"2704","國賓","101200","3294358","32.45","32.70","32.30","32.70","0.1500","76"
"2705","六福","575961","9510355","16.80","16.85","16.35","16.60","-0.1000","369"
"2706","第一店","145591","2033928","14.05","14.05","13.90","14.00","0.0000","94"
"2707","晶華","835868","144515603","175.50","177.50","170.50","173.50","-1.5000","3958"
"2712","遠雄來","9000","317200","35.15","35.50","35.00","35.40","-0.1000","8"
"2722","夏都","329873","11405860","35.90","35.90","34.00","34.15","-1.7000","250"
"2723","美食-KY","397315","42209567","106.50","107.50","105.00","106.50","0.0000","481"
"2727","王品","363736","44832033","125.00","125.50","122.00","123.50","-2.0000","556"
"2731","雄獅","799472","75254737","94.80","95.70","93.50","94.80","-0.2000","621"
"2739","寒舍","41103","926665","22.90","22.90","22.35","22.75","-0.0500","41"
"2748","雲品","729149","33798846","47.30","48.40","45.35","46.85","-0.3000","804"
"2753","八方雲集","196986","30113812","152.00","154.50","151.00","153.50","0.5000","208"
"2801","彰銀","4598384","79423660","17.20","17.35","17.15","17.35","0.1000","1163"
"2809","京城銀","2163008","71134559","32.85","33.10","32.60","33.00","0.1500","985"
"2812","台中銀","4947829","63926135","12.85","13.05","12.80","12.95","0.1000","1993"
"2816","旺旺保","29120","491484","17.00","17.00","16.85","16.95","0.0000","15"
"2820","華票","583500","9011935","15.40","15.55","15.40","15.55","0.0500","392"
"2832","台產","139965","2721965","19.45","19.55","19.35","19.55","0.0500","80"
"2834","臺企銀","14313739","168002004","11.75","11.80","11.65","11.80","0.1000","3470"
"2836","高雄銀","1090877","15177756","13.70","14.10","13.70","14.05","0.3500","465"
"2836A","高雄銀甲特","103030","2358371","23.00","23.10","22.85","23.10","0.0000","35"
"2838","聯邦銀","3161191","40724397","12.55","13.10","12.50","13.00","0.5000","1524"
"2838A","聯邦銀甲特","38582","1981794","51.30","51.40","51.30","51.40","0.0000","33"
"2845","遠東銀","3257068","35657035","10.95","11.00","10.90","10.95","0.0000","878"
"2849","安泰銀","23205","334608","14.40","14.50","14.40","14.50","0.1000","23"
"2850","新產","682366","34380095","51.20","51.30","49.25","51.30","0.1000","546"
"2851","中再保","6407154","132941516","21.60","21.60","20.25","20.80","-1.3500","3605"
"2852","第一保","206986","3253207","15.75","15.80","15.65","15.75","0.0000","131"
"2855","統一證","826928","12367579","15.05","15.10","14.85","15.05","0.0000","422"
"2867","三商壽","11515569","70306794","6.36","6.39","6.01","6.15","-0.2200","3654"
"2880","華南金","9332958","204902768","21.75","22.10","21.65","22.10","0.4000","2616"
"2881","富邦金","20308480","1178173834","57.70","58.50","57.20","58.40","0.3000","11234"
"2881A","富邦特","138322","8735599","63.10","63.20","63.10","63.20","0.1000","72"
"2881B","富邦金乙特","56768","3508149","61.80","61.80","61.80","61.80","0.0000","31"
"2881C","富邦金丙特","36203","2136948","59.00","59.10","59.00","59.00","0.0000","50"
"2882","國泰金","23519344","1050337403","44.80","45.10","44.20","45.05","0.1500","10143"
"2882A","國泰特","27686","1672168","60.40","60.40","60.40","60.40","0.0000","29"
"2882B","國泰金乙特","2396","144994","60.40","60.60","60.40","60.60","0.0000","6"
"2883","開發金","63952766","803006140","12.60","12.70","12.35","12.65","-0.1000","16213"
"2883B","開發金乙特","1145874","9685509","8.46","8.46","8.43","8.46","-0.0100","420"
"2884","玉山金","33128547","935693600","28.10","28.55","27.85","28.45","0.6000","7478"
"2885","元大金","19241251","371566808","19.25","19.45","19.05","19.40","0.1500","5575"
"2886","兆豐金","9585031","328171707","34.00","34.45","33.85","34.45","0.3000","4975"
"2887","台新金","14109301","215224265","15.10","15.35","15.10","15.35","0.2000","3689"
"2887E","台新戊特","63115","3244698","51.40","51.50","51.40","51.40","0.0000","36"
"2887F","台新戊特二","18295","901795","49.50","49.60","49.10","49.60","0.0000","13"
"2888","新光金","41459478","348035431","8.44","8.46","8.30","8.46","0.0000","7819"
"2888A","新光金甲特","34125","1357073","39.75","39.80","39.70","39.75","-0.0500","48"
"2888B","新光金乙特","95212","3781270","39.70","39.80","39.65","39.75","0.0000","47"
"2889","國票金","1204473","15846653","13.00","13.35","13.00","13.25","0.1000","778"
"2890","永豐金","21662266","345959167","15.90","16.00","15.85","16.00","0.1000","8515"
"2891","中信金","44275510","996719935","22.35","22.75","22.15","22.65","0.4000","8603"
"2891B","中信金乙特","90","5548","","","","","0.0000","4"
"2891C","中信金丙特","31158","1864332","59.90","59.90","59.80","59.90","0.0000","6"
"2892","第一金","13481549","341365748","25.00","25.50","24.95","25.50","0.5000","3574"
"2897","王道銀行","3719536","29411929","7.95","7.99","7.83","7.95","0.0100","1286"
"2897A","王道銀甲特","92395","920817","9.97","9.98","9.96","9.97","0.0100","368"
"2901","欣欣","20630","492191","23.90","23.90","23.70","23.85","-0.0500","34"
"2903","遠百","455734","8488243","18.50","18.75","18.50","18.60","0.0500","290"
"2904","匯僑","54018","1124874","20.50","21.65","20.30","20.70","0.4000","45"
"2905","三商","442310","8084109","18.45","18.50","18.15","18.45","0.0000","271"
"2906","高林","13052417","270918907","21.50","21.50","20.15","20.80","0.0500","5841"
"2908","特力","81135","1754261","21.70","21.70","21.50","21.60","0.0000","47"
"2910","統領","3000","91100","30.80","30.80","30.05","30.25","0.2500","3"
"2911","麗嬰房","70789","472589","6.68","6.70","6.65","6.67","-0.0100","120"
"2912","統一超","1426609","406499304","285.50","287.50","282.00","285.00","0.5000","1914"
"2913","農林","315658","5964923","18.90","19.10","18.80","18.95","-0.0500","296"
"2915","潤泰全","8692481","571095532","65.70","65.70","65.70","65.70","-7.2000","5337"
"2923","鼎固-KY","17000","411000","24.15","24.35","24.15","24.15","0.0000","11"
"2929","淘帝-KY","441599","5221802","12.00","12.05","11.70","11.85","-0.1000","278"
"2939","凱羿-KY","235000","7747550","33.35","33.35","32.60","33.00","-0.6500","75"
"2945","三商家購","26100","1251465","48.10","48.15","47.70","48.00","-0.0500","27"
"3002","歐格","133200","1640979","12.35","12.50","12.15","12.30","0.2000","100"
"3003","健和興","3684020","296397106","80.90","81.50","79.60","81.50","0.7000","2556"
"3004","豐達科","42700","2602010","61.40","61.40","60.40","60.60","-0.6000","46"
"3005","神基","820586","36295701","44.00","44.65","43.90","44.50","0.7000","599"
"3006","晶豪科","11113989","969931335","84.30","89.00","84.00","88.50","4.5000","9812"
"3008","大立光","734480","1422155500","1925.00","1965.00","1905.00","1960.00","40.0000","2272"
"3010","華立","199142","17122008","85.40","86.40","85.40","86.40","1.1000","199"
"3011","今皓","1590124","33661913","21.10","21.50","20.65","21.30","0.2500","860"
"3013","晟銘電","226198","3054978","13.50","13.65","13.30","13.60","0.1500","104"
"3014","聯陽","958378","68160890","70.10","72.40","69.80","72.00","1.7000","717"
"3015","全漢","30055","1094754","36.15","36.65","36.15","36.45","0.3000","28"
"3016","嘉晶","2128409","179529278","84.00","85.30","83.50","84.80","1.4000","1781"
"3017","奇鋐","8363268","870384411","104.00","106.00","102.50","105.50","0.5000","5276"
"3018","同開","41388","453883","11.10","11.10","10.90","11.10","0.2000","94"
"3019","亞光","1156265","72236623","62.30","63.00","61.70","62.90","1.3000","883"
"3021","鴻名","55003","1126561","20.55","20.55","20.30","20.55","0.1000","38"
"3022","威強電","2266674","117239180","51.50","52.60","50.80","52.60","1.3000","1685"
"3023","信邦","384888","94670058","247.00","250.50","244.00","245.00","-2.0000","406"
"3024","憶聲","200764","2393491","12.00","12.00","11.85","11.95","0.1000","114"
"3025","星通","71002","1295986","18.15","18.35","18.15","18.20","0.1000","55"
"3026","禾伸堂","389646","35623070","90.70","92.50","90.70","92.40","0.9000","332"
"3027","盛達","260241","4765282","18.20","18.55","17.90","18.55","0.6000","144"
"3028","增你強","269094","7858204","29.20","29.30","29.05","29.30","0.0500","242"
"3029","零壹","150857","5926368","39.30","39.50","39.15","39.50","0.3500","171"
"3030","德律","454177","28334111","62.30","62.80","62.10","62.50","0.2000","312"
"3031","佰鴻","141835","2305680","16.10","16.35","16.10","16.35","0.4500","84"
"3032","偉訓","99137","2785857","27.80","28.45","27.80","28.25","0.0000","59"
"3033","威健","4201906","120764016","28.60","29.00","28.55","28.90","0.4500","1682"
"3034","聯詠","6088466","1616130767","260.00","269.50","259.00","269.50","11.5000","14666"
"3035","智原","53989213","9251725294","165.00","179.00","163.50","179.00","16.0000","34269"
"3036","文曄","1403465","92714068","65.70","66.80","65.30","66.80","1.5000","1175"
"3036A","文曄甲特","48390","2308300","47.70","47.70","47.70","47.70","0.0000","15"
"3037","欣興","40678637","7132245796","172.00","178.50","170.50","177.50","7.0000","28402"
"3038","全台","734170","14745243","20.10","20.20","19.90","20.20","0.1000","291"
"3040","遠見","11000","313000","28.35","28.50","28.35","28.50","0.1500","11"
"3041","揚智","3553587","88296692","24.50","25.15","24.25","25.05","0.5500","1745"
"3042","晶技","2112080","182937086","86.60","87.20","85.80","87.00","0.2000","2315"
"3043","科風","198062","877308","4.49","4.49","4.40","4.45","-0.0200","70"
"3044","健鼎","1766010","176438326","98.80","101.50","98.20","101.00","2.9000","1099"
"3045","台灣大","4191773","413386916","99.20","99.20","98.10","99.10","0.9000","2532"
"3046","建碁","280642","8369800","30.05","30.30","29.30","29.70","-0.5000","212"
"3047","訊舟","4299921","55769626","13.25","13.25","12.85","12.90","-0.2500","1535"
"3048","益登","401220","11413804","28.70","28.70","28.25","28.65","0.1500","284"
"3049","和鑫","1422960","13688575","9.61","9.69","9.54","9.67","0.0600","641"
"3050","鈺德","107287","1703001","15.75","16.00","15.75","16.00","0.3000","78"
"3051","力特","1536534","25219185","16.20","16.60","16.15","16.55","0.5000","771"
"3052","夆典","178255","1786990","10.00","10.10","9.96","10.10","0.1000","63"
"3054","立萬利","15000","286450","19.00","19.30","19.00","19.05","0.0000","15"
"3055","蔚華科","15992","415155","25.80","26.10","25.80","25.95","0.0000","77"
"3056","總太","1153659","31335384","27.65","27.75","26.95","27.00","-0.5500","644"
"3057","喬鼎","49563","594599","11.95","12.05","11.95","11.95","0.0000","81"
"3058","立德","350614","3495866","9.95","10.05","9.90","9.91","-0.1400","201"
"3059","華晶科","14361639","558868603","39.20","39.40","38.50","38.70","-0.1500","7847"
"3060","銘異","247368","4525388","18.00","18.45","18.00","18.40","0.5000","200"
"3062","建漢","35165257","1014919941","27.70","29.80","27.50","29.60","2.1000","14631"
"3090","日電貿","143014","6547351","45.75","46.20","45.25","46.20","0.5500","139"
"3092","鴻碩","553342","24563979","43.95","45.30","42.90","45.00","2.1000","381"
"3094","聯傑","1453616","41064726","27.15","28.90","27.15","28.55","1.4000","959"
"3130","一零四","8516","1609447","189.50","189.50","188.00","189.00","0.0000","41"
"3138","耀登","337986","44431838","129.50","133.00","129.50","133.00","3.5000","515"
"3149","正達","597513","10501554","17.60","18.10","17.30","17.75","0.2000","350"
"3164","景岳","48617","1213510","24.65","25.40","24.60","25.40","0.6500","42"
"3167","大量","123581","6667443","54.00","54.60","53.00","54.50","1.3000","118"
"3189","景碩","20131144","2890461884","140.00","146.50","139.00","145.00","6.5000","12005"
"3209","全科","1961981","66981911","33.95","34.70","33.85","34.25","0.0000","1316"
"3229","晟鈦","27394","595620","21.70","21.95","21.65","21.65","-0.1500","17"
"3231","緯創","4317510","107895421","25.25","25.30","24.80","25.10","0.2000","2217"
"3257","虹冠電","114195","5810595","50.50","51.50","50.40","51.50","1.0000","99"
"3266","昇陽","11004","131550","12.00","12.05","11.90","12.05","0.1500","12"
"3296","勝德","338012","5034087","14.85","15.10","14.75","15.00","0.2500","256"
"3305","昇貿","747839","39701600","52.50","53.60","52.20","53.50","1.4000","596"
"3308","聯德","19430","255053","13.10","13.20","13.10","13.15","-0.0500","10"
"3311","閎暉","89961","2924421","33.05","33.10","32.40","32.75","0.3500","55"
"3312","弘憶股","463644","8571924","18.50","18.60","18.35","18.55","0.1500","235"
"3321","同泰","46742","424369","9.10","9.18","9.00","9.11","0.0100","62"
"3338","泰碩","219456","8787633","40.10","40.45","39.55","40.30","0.4500","170"
"3346","麗清","257188","7982820","31.05","31.40","30.60","31.15","0.6500","208"
"3356","奇偶","324080","9589063","29.95","30.00","29.35","29.70","0.3000","236"
"3376","新日興","451712","35639869","78.00","79.80","77.50","79.20","2.0000","321"
"3380","明泰","3489417","102274433","29.60","29.70","28.80","29.50","0.5000","2130"
"3383","新世紀","95844","582603","6.02","6.10","6.02","6.07","-0.0400","51"
"3406","玉晶光","3967289","1699610120","431.50","434.50","421.00","434.50","5.5000","4091"
"3413","京鼎","586987","115184558","195.50","198.50","194.50","197.00","3.5000","531"
"3416","融程電","9748","735590","75.60","75.60","75.10","75.50","0.0000","26"
"3419","譁裕","675674","11404635","16.55","17.10","16.55","16.85","0.3500","441"
"3432","台端","47000","646600","13.75","13.85","13.70","13.75","-0.0500","29"
"3437","榮創","290115","5827685","20.20","20.25","19.90","20.05","0.2000","168"
"3443","創意","4911232","2703631085","557.00","560.00","543.00","553.00","-2.0000","7225"
"3450","聯鈞","323660","13406542","40.60","41.75","40.60","41.70","1.1500","300"
"3454","晶睿","31767","2511014","78.80","79.50","78.80","79.30","0.5000","28"
"3481","群創","59669754","662812406","11.10","11.25","10.90","11.25","0.0500","10778"
"3494","誠研","2262888","20248979","9.23","9.23","8.81","8.86","-0.2700","885"
"3501","維熹","66130","2891297","43.75","43.85","43.70","43.80","0.0500","42"
"3504","揚明光","13503431","1286391604","96.30","96.60","92.70","95.80","1.6000","9584"
"3515","華擎","1162443","121644870","102.00","106.50","102.00","105.50","4.5000","968"
"3518","柏騰","49025","850128","17.70","17.70","17.25","17.35","0.0500","55"
"3528","安馳","2000","96450","48.40","48.40","48.05","48.05","-0.0500","2"
"3530","晶相光","445231","40565369","90.60","92.30","89.60","91.80","1.5000","384"
"3532","台勝科","8858558","1558611166","171.00","180.00","170.50","180.00","10.0000","9287"
"3533","嘉澤","655020","459600246","697.00","709.00","690.00","705.00","11.0000","681"
"3535","晶彩科","6927324","190620224","27.70","28.10","26.70","27.95","0.2000","3794"
"3536","誠創","275700","1190880","4.45","4.45","4.30","4.30","-0.4700","68"
"3543","州巧","272097","4979890","19.75","19.75","17.80","18.20","-1.3000","182"
"3545","敦泰","3885448","395269069","100.50","103.00","100.50","102.50","1.5000","2730"
"3550","聯穎","13115","190342","14.45","14.60","14.45","14.50","0.0000","25"
"3557","嘉威","40054","2573756","64.20","64.50","63.80","64.10","-0.1000","36"
"3563","牧德","62646","9100033","144.50","146.50","144.50","146.00","1.5000","74"
"3576","聯合再生","3472244","72116933","20.90","21.00","20.65","20.90","0.1000","2068"
"3583","辛耘","494793","37148395","75.70","75.80","74.50","75.00","0.7000","434"
"3588","通嘉","534470","44955885","82.90","85.00","82.80","84.90","3.0000","461"
"3591","艾笛森","974966","14651782","14.30","15.15","14.25","15.15","1.3500","401"
"3592","瑞鼎","1093390","316064142","283.00","293.00","283.00","290.50","9.0000","1076"
"3593","力銘","13015","183010","14.00","14.10","14.00","14.10","0.1000","25"
"3596","智易","1424340","168568585","118.00","119.50","117.00","119.00","0.5000","1319"
"3605","宏致","435017","17057690","39.00","39.60","38.90","39.40","1.1000","290"
"3607","谷崧","129399","1596948","12.35","12.45","12.25","12.35","0.0000","98"
"3617","碩天","5000","349200","70.00","70.00","69.60","69.80","0.5000","5"
"3622","洋華","302373","9322400","30.55","31.35","30.55","30.65","0.1500","211"
"3645","達邁","2166022","87323407","40.40","40.80","39.75","40.70","0.8000","1420"
"3653","健策","3172329","1172662990","359.00","382.50","351.00","378.00","24.5000","3005"
"3661","世芯-KY","7090238","4805819462","675.00","691.00","664.00","691.00","30.0000","6677"
"3665","貿聯-KY","1877735","590984121","313.00","317.00","312.50","314.00","2.0000","1330"
"3669","圓展","186420","8034979","42.95","43.65","42.40","43.30","0.7500","152"
"3673","TPK-KY","554388","18647507","33.75","33.75","33.45","33.65","0.0000","444"
"3679","新至陞","29265","2100411","72.10","72.70","71.10","72.40","0.1000","33"
"3682","亞太電","3362779","23262703","6.97","7.00","6.90","6.90","-0.1000","1395"
"3686","達能","758074","9371594","12.45","12.95","12.00","12.75","0.5500","413"
"3694","海華","285733","5614528","19.40","19.90","19.35","19.50","0.0500","187"
"3701","大眾控","1659667","75351176","44.00","46.50","44.00","45.90","1.9500","1169"
"3702","大聯大","6810403","337626017","49.30","49.90","49.20","49.70","0.6000","3452"
"3702A","大聯大甲特","71363","3425200","48.00","48.00","47.95","48.00","0.0000","24"
"3703","欣陸","678384","19018486","28.15","28.30","27.85","28.20","0.0500","528"
"3704","合勤控","2830460","82841682","29.30","29.65","28.90","29.40","0.1000","1510"
"3705","永信","91281","3713181","40.65","40.75","40.60","40.70","0.0500","82"
"3706","神達","3600928","100193291","27.45","28.10","27.45","28.05","0.8500","1710"
"3708","上緯投控","3369389","351241110","104.50","106.00","102.00","106.00","3.0000","2368"
"3711","日月光投控","12165644","1031025882","83.70","85.70","83.70","85.70","2.3000","7366"
"3712","永崴投控","222910","6472486","28.70","29.25","28.70","29.15","0.5500","170"
"3714","富采","4439206","227974818","51.00","51.90","50.80","51.70","1.1000","2581"
"4104","佳醫","112135","7130588","63.90","64.10","63.40","63.60","-0.3000","195"
"4106","雃博","405457","10075008","24.70","25.25","24.40","25.25","0.6000","297"
"4108","懷特","742194","14253019","18.90","19.65","18.60","19.25","0.8500","631"
"4119","旭富","74081","5902585","79.00","80.50","79.00","80.00","1.0000","83"
"4133","亞諾法","883967","33161279","37.70","37.95","37.05","37.80","0.1000","641"
"4137","麗豐-KY","73115","14102251","193.00","193.50","192.00","193.00","-0.5000","63"
"4142","國光生","3393359","134685846","38.85","40.15","38.85","40.10","1.0000","2019"
"4148","全宇生技-KY","1733803","100115367","56.10","59.90","54.00","58.50","2.4000","1344"
"4155","訊映","118524","2697405","22.50","23.00","22.50","22.75","0.2500","103"
"4164","承業醫","138091","4940077","35.70","35.95","35.50","35.95","0.3500","119"
"4190","佐登-KY","21000","1427300","68.70","68.70","67.50","68.20","-0.1000","19"
"4306","炎洲","466399","6482226","13.85","14.00","13.80","13.95","0.1000","197"
"4414","如興","2991090","13005205","4.38","4.47","4.27","4.39","-0.0900","866"
"4426","利勤","591143","16341941","28.45","28.45","27.10","27.85","-0.1500","435"
"4438","廣越","18090","1986900","110.50","110.50","109.50","109.50","0.5000","20"
"4439","冠星-KY","34000","3807000","112.00","113.00","111.00","112.00","0.0000","27"
"4440","宜新實業","35262","1218824","34.80","34.80","34.45","34.45","-0.3500","37"
"4526","東台","35550","489947","13.70","13.85","13.70","13.80","0.1500","109"
"4532","瑞智","567967","9389221","16.45","16.80","16.30","16.70","0.3500","325"
"4536","拓凱","118263","17125637","143.50","145.50","143.50","145.00","2.0000","96"
"4540","全球傳動","44096","1898929","43.05","43.20","42.90","43.05","0.1000","42"
"4545","銘鈺","23000","588900","25.50","25.70","25.50","25.65","0.2500","13"
"4551","智伸科","1063151","174530557","165.00","168.50","162.50","163.00","-1.5000","878"
"4552","力達-KY","17160","486328","28.15","28.50","28.15","28.50","0.0000","19"
"4555","氣立","85000","4813500","56.90","57.00","56.40","56.80","0.2000","30"
"4557","永新-KY","105441","8050730","76.50","76.80","76.10","76.50","0.1000","52"
"4560","強信-KY","43001","1724090","40.15","40.15","40.00","40.15","0.0500","18"
"4562","穎漢","84110","1279782","15.25","15.45","15.05","15.40","0.1500","53"
"4564","元翎","98001","2812529","28.85","28.90","28.45","28.90","0.4500","71"
"4566","時碩工業","75374","3639616","49.15","49.15","48.00","48.40","-0.3000","57"
"4571","鈞興-KY","25084","1895984","75.50","75.80","75.50","75.60","0.1000","21"
"4572","駐龍","621348","82858990","135.50","136.50","130.50","133.00","-1.5000","610"
"4576","大銀微系統","70120","6266496","90.40","90.60","88.70","90.60","1.9000","47"
"4581","光隆精密-KY","15000","474900","31.95","31.95","31.20","31.50","0.0000","10"
"4583","台灣精銳","20470","4345871","211.50","213.00","211.50","212.50","0.5000","34"
"4720","德淵","149400","1979701","13.35","13.35","13.10","13.35","0.0000","78"
"4722","國精化","41075","1425152","34.70","34.85","34.60","34.85","0.2000","35"
"4737","華廣","28003","2026916","72.10","72.70","72.10","72.70","0.0000","18"
"4739","康普","3717791","443059053","117.00","122.00","116.00","122.00","6.5000","2827"
"4746","台耀","276288","13136464","47.45","47.95","47.30","47.60","0.2000","229"
"4755","三福化","2383146","339972390","141.50","145.00","140.00","144.00","3.0000","1887"
"4763","材料-KY","158054","16518676","104.50","105.50","103.50","105.50","1.5000","110"
"4764","雙鍵","5000","271100","55.50","55.50","53.20","54.00","1.3000","5"
"4766","南寶","21100","2752100","130.00","131.00","129.50","130.50","1.0000","22"
"4770","上品","139635","36847377","262.00","265.50","261.00","264.50","2.0000","150"
"4807","日成-KY","6003","136175","22.80","22.85","22.55","22.85","0.0000","9"
"4904","遠傳","4161707","308523813","74.00","74.50","73.80","74.20","0.1000","1801"
"4906","正文","2322332","69996848","30.50","30.50","29.85","30.30","0.0000","1250"
"4912","聯德控股-KY","290231","32930979","110.00","115.50","110.00","114.50","5.5000","226"
"4915","致伸","8742772","565066349","64.00","65.50","63.60","65.30","1.1000","6051"
"4916","事欣科","242777","5815707","24.10","24.15","23.70","24.10","0.2000","226"
"4919","新唐","40502814","5104204217","120.50","129.50","120.50","129.50","11.5000","24045"
"4927","泰鼎-KY","1131763","71948078","64.10","64.40","62.80","64.20","0.8000","899"
"4930","燦星網","82555","2013947","24.95","24.95","24.05","24.25","-0.2000","83"
"4934","太極","1335247","38483354","28.70","29.25","28.50","29.05","0.1500","791"
"4935","茂林-KY","85760","5155275","60.20","60.70","59.80","60.50","0.2000","83"
"4938","和碩","8206996","493404911","59.30","60.60","59.20","60.50","1.1000","3501"
"4942","嘉彰","49154","1892393","38.35","38.60","38.30","38.60","0.2500","43"
"4943","康控-KY","550577","9898609","17.35","18.45","17.30","18.05","0.9000","414"
"4952","凌通","8754098","567070044","63.60","65.90","63.00","65.60","3.3000","6192"
"4956","光鋐","360048","6100527","16.60","17.15","16.60","17.05","0.3000","222"
"4958","臻鼎-KY","12390038","1389612380","109.00","114.00","108.50","113.50","4.5000","8062"
"4960","誠美材","2108798","19961630","9.40","9.56","9.36","9.52","0.1200","698"
"4961","天鈺","2339759","340827364","144.50","147.00","144.00","147.00","3.0000","1933"
"4967","十銓","571560","16510297","28.80","29.10","28.55","28.95","0.6500","373"
"4968","立積","1437223","205840224","142.50","145.50","141.00","145.00","6.0000","1262"
"4976","佳凌","1848474","80801677","44.25","44.55","43.15","44.15","0.0500","1421"
"4977","眾達-KY","29716","2341019","78.80","79.20","78.50","78.60","0.0000","43"
"4989","榮科","4270442","129072417","30.05","31.35","29.50","30.10","1.6000","3078"
"4994","傳奇","88070","3667333","41.30","43.10","40.80","42.15","1.0500","71"
"4999","鑫禾","17841","609156","34.10","34.20","34.10","34.20","0.1000","39"
"5007","三星","24050","1328169","55.80","55.80","54.50","55.40","0.3000","25"
"5203","訊連","40134","3382246","83.80","85.00","83.80","84.70","1.7000","40"
"5215","科嘉-KY","64470","2838509","43.55","44.55","43.50","44.55","1.3000","64"
"5222","全訊","740473","102582157","134.00","141.00","134.00","140.00","6.5000","670"
"5225","東科-KY","20000","417100","20.85","20.95","20.80","20.85","0.0000","16"
"5234","達興材料","271097","19368308","70.70","72.90","70.00","72.90","2.0000","231"
"5243","乙盛-KY","1645006","110497748","67.90","67.90","66.40","67.30","0.1000","1035"
"5244","弘凱","36499","1039825","28.50","28.70","28.00","28.60","0.6000","29"
"5258","虹堡","22870348","1530393431","67.00","68.20","65.80","66.00","-0.4000","14052"
"5269","祥碩","615212","679885550","1100.00","1120.00","1080.00","1120.00","50.0000","783"
"5283","禾聯碩","42885","4297212","100.50","100.50","99.90","100.50","0.7000","69"
"5284","jpp-KY","89103","4120350","45.90","46.40","45.80","46.40","0.3500","53"
"5285","界霖","598904","50236547","84.00","84.80","82.90","84.30","1.5000","460"
"5288","豐祥-KY","40038","6192757","155.50","156.50","153.00","153.00","-2.0000","33"
"5306","桂盟","219626","35707768","160.00","165.50","160.00","164.00","4.0000","205"
"5388","中磊","4992620","438139926","88.40","88.70","86.90","88.00","0.3000","3058"
"5434","崇越","475596","69033999","143.00","146.50","143.00","146.50","3.5000","447"
"5469","瀚宇博","883062","29181529","32.85","33.35","32.60","33.35","0.7500","482"
"5471","松翰","1112983","68329781","61.00","62.10","60.90","62.00","0.0000","982"
"5484","慧友","4001","51012","12.75","12.75","12.75","12.75","0.0500","5"
"5515","建國","99862","1363008","13.65","13.70","13.60","13.65","0.0000","61"
"5519","隆大","90548","1960911","21.65","21.70","21.60","21.70","0.0500","71"
"5521","工信","244368","1677080","6.89","6.89","6.82","6.87","-0.0100","312"
"5522","遠雄","161560","9788705","60.90","61.20","60.30","60.50","-0.4000","186"
"5525","順天","27587","643367","23.50","23.50","23.20","23.30","0.0500","23"
"5531","鄉林","156286","1448158","9.29","9.35","9.17","9.35","0.1300","98"
"5533","皇鼎","191009","3294903","17.30","17.35","17.15","17.35","0.0000","103"
"5534","長虹","107630","7733705","72.20","72.30","71.30","72.20","0.7000","105"
"5538","東明-KY","4000","171450","43.05","43.10","42.50","43.10","0.0500","4"
"5546","永固-KY","43754","2430627","55.00","56.10","54.90","56.10","1.5000","64"
"5607","遠雄港","134870","6579499","48.60","49.10","48.40","48.85","0.2500","113"
"5608","四維航","12121469","392951088","31.65","33.80","31.55","32.25","1.2000","6743"
"5706","鳳凰","4225621","288735704","69.50","69.80","67.00","69.30","-0.8000","2944"
"5871","中租-KY","5378819","1048374266","193.00","197.00","192.00","197.00","6.0000","3898"
"5871A","中租-KY甲特","91000","9027100","99.20","99.20","99.10","99.20","0.0000","44"
"5876","上海商銀","3527357","170496844","49.05","49.05","47.60","48.55","0.6500","1483"
"5880","合庫金","8133098","209905928","25.60","26.00","25.50","26.00","0.4000","2770"
"5906","台南-KY","11000","337100","31.05","31.55","29.85","31.00","-0.0500","11"
"5907","大洋-KY","76756","1132307","14.75","14.95","14.55","14.70","-0.1000","57"
"6005","群益證","1365921","15144234","11.10","11.15","11.00","11.15","0.1000","617"
"6024","群益期","17735","615237","34.60","34.80","34.60","34.75","0.1500","81"
"6108","競國","64204","1117864","17.40","17.50","17.35","17.45","0.0000","55"
"6112","聚碩","63442","2135202","33.85","33.90","33.45","33.75","0.0500","55"
"6115","鎰勝","86662","3551904","41.00","41.10","40.85","41.00","0.1500","65"
"6116","彩晶","6404486","65830105","10.30","10.35","10.15","10.30","0.0500","1612"
"6117","迎廣","10059","151782","15.05","15.10","15.05","15.10","0.1500","27"
"6120","達運","1919331","19231331","9.93","10.10","9.93","10.10","0.1600","592"
"6128","上福","37000","1032650","28.05","28.05","27.80","27.95","-0.1000","30"
"6133","金橋","68449394","1192857476","16.90","18.35","16.60","18.35","1.6500","24951"
"6136","富爾特","20661","358583","17.35","17.40","17.30","17.40","0.0500","23"
"6139","亞翔","222977","6689444","30.05","30.15","29.80","30.15","0.1500","159"
"6141","柏承","13972","323770","23.25","23.25","23.05","23.15","-0.0500","17"
"6142","友勁","278507","2241045","8.18","8.18","7.96","8.12","0.0800","97"
"6152","百一","930197","9313342","9.90","10.20","9.83","10.00","0.0800","322"
"6153","嘉聯益","704440","15535060","22.10","22.20","21.85","22.20","0.3500","364"
"6155","鈞寶","101000","2165300","21.30","21.65","21.15","21.50","0.0500","60"
"6164","華興","290440","3211337","11.00","11.20","10.90","11.15","0.2000","147"
"6165","浪凡","82445","2193934","27.00","27.00","26.15","26.60","-0.4000","74"
"6166","凌華","52044","2866005","55.00","55.50","54.70","55.50","0.5000","42"
"6168","宏齊","365250","7108787","19.20","19.60","19.20","19.55","0.3500","195"
"6176","瑞儀","2810737","242648399","86.00","86.70","85.60","86.70","0.9000","2042"
"6177","達麗","296682","8874149","29.80","29.95","29.80","29.95","0.1500","132"
"6183","關貿","10145","609835","60.10","60.40","59.70","60.40","0.3000","20"
"6184","大豐電","74998","3593575","47.50","48.50","47.50","48.10","0.7000","82"
"6189","豐藝","533465","20049880","37.80","37.80","37.40","37.75","-0.0500","521"
"6191","精成科","1361772","39967307","29.25","29.60","29.05","29.55","0.4000","830"
"6192","巨路","83608","5650430","67.80","67.80","67.20","67.60","-0.2000","91"
"6196","帆宣","1965684","225100794","112.50","116.00","112.00","115.00","5.5000","1808"
"6197","佳必琪","70210","2389024","33.80","34.20","33.80","34.10","0.3000","78"
"6201","亞弘電","14000","566150","40.10","41.50","40.05","40.10","0.0500","13"
"6202","盛群","2189517","191337350","84.80","88.80","84.40","88.60","4.8000","1879"
"6205","詮欣","1108775","72467274","64.90","66.50","64.10","66.50","1.5000","760"
"6206","飛捷","1174992","102839653","88.00","88.40","86.60","88.30","0.7000","951"
"6209","今國光","691471","20867921","30.00","30.50","29.90","30.35","0.4500","371"
"6213","聯茂","2501836","188329355","75.00","76.30","74.40","76.30","1.7000","2171"
"6214","精誠","93999","6810370","72.70","72.70","72.10","72.60","0.6000","104"
"6215","和椿","246501","5563071","22.40","22.75","22.35","22.75","0.4500","153"
"6216","居易","489757","14382505","29.55","29.55","29.15","29.45","0.2000","338"
"6224","聚鼎","191372","13353417","69.60","70.30","68.60","69.70","1.1000","198"
"6225","天瀚","186201","1374162","7.38","7.38","7.38","7.38","0.6700","17"
"6226","光鼎","60885883","861788491","14.10","14.60","13.40","13.40","-0.6000","11122"
"6230","尼得科超眾","17183","1765130","102.00","103.50","102.00","103.00","1.5000","19"
"6235","華孚","7741194","303772298","39.50","39.70","38.60","39.45","0.2000","4276"
"6239","力成","3323795","306990842","92.40","92.90","92.00","92.30","0.2000","2179"
"6243","迅杰","413537","13962777","32.85","34.40","32.55","34.00","1.7000","342"
"6251","定穎","2982301","62585443","21.00","21.15","20.80","21.00","0.2000","1347"
"6257","矽格","2182664","110699593","50.20","51.00","50.10","50.90","0.9000","1644"
"6269","台郡","1892291","165042413","85.50","88.50","85.20","87.90","2.5000","2522"
"6271","同欣電","2389147","490359590","202.00","210.00","198.50","209.00","10.0000","2399"
"6277","宏正","11110","862225","77.80","77.90","77.40","77.90","0.6000","11"
"6278","台表科","2315714","200362914","85.70","87.30","85.70","87.30","2.0000","2097"
"6281","全國電","12042","983779","81.60","81.80","81.60","81.70","0.0000","15"
"6282","康舒","5249295","164933248","31.40","31.80","30.90","31.75","0.5500","3047"
"6283","淳安","301310","9348031","30.85","31.40","30.50","31.10","0.6500","214"
"6285","啟碁","2957413","213348344","72.80","72.90","70.80","72.90","0.3000","2609"
"6288","聯嘉","382346","8716632","22.90","23.25","22.50","22.95","0.0500","259"
"6289","華上","11333","26192","2.31","2.32","2.31","2.32","0.0100","41"
"6405","悅城","54000","1044650","19.40","19.40","19.20","19.30","0.0000","29"
"6409","旭隼","230757","358227575","1580.00","1620.00","1500.00","1550.00","25.0000","387"
"6412","群電","260141","18523642","70.00","71.80","70.00","71.80","1.2000","205"
"6414","樺漢","1475005","328228357","226.50","226.50","220.00","222.00","-3.0000","1365"
"6415","矽力*-KY","6216111","3832491408","600.00","632.00","594.00","623.00","28.0000","6145"
"6416","瑞祺電通","66750","5815785","86.80","87.80","86.60","87.60","0.8000","70"
"6426","統新","51347","3144068","61.00","61.50","60.60","61.40","0.7000","60"
"6431","光麗-KY","87335","2153403","23.00","25.50","22.80","25.50","2.3000","67"
"6438","迅得","392903","36807631","93.70","94.20","92.50","93.90","1.2000","336"
"6442","光聖","959428","41937916","45.70","45.70","42.10","43.20","-2.5000","756"
"6443","元晶","13126238","438891086","33.25","33.70","33.10","33.60","0.4000","7730"
"6449","鈺邦","33055","1350170","40.80","41.75","40.50","40.60","0.1000","47"
"6451","訊芯-KY","83583","6085044","72.40","73.40","72.40","73.00","0.6000","76"
"6456","GIS-KY","568792","43464921","75.50","77.40","75.50","77.30","1.8000","382"
"6464","台數科","5068","446684","87.70","88.40","87.70","88.40","0.7000","9"
"6477","安集","3236767","168083930","52.60","52.60","51.10","52.30","0.3000","2075"
"6491","晶碩","443489","190548708","420.00","436.00","420.00","434.00","15.0000","466"
"6504","南六","34556","2820055","81.40","82.10","81.30","81.60","0.1000","177"
"6505","台塑化","1525343","126600546","82.70","83.30","82.40","83.30","0.7000","1208"
"6515","穎崴","449653","168524594","375.00","380.00","368.00","380.00","15.0000","441"
"6525","捷敏-KY","300934","22986313","76.80","76.90","75.70","76.80","0.8000","266"
"6531","愛普*","5870124","1274881982","213.50","221.50","212.00","219.00","6.5000","8637"
"6533","晶心科","2065639","550256839","264.00","270.50","261.50","270.00","6.5000","3442"
"6541","泰福-KY","1920223","118704501","63.50","63.50","60.50","62.50","-1.0000","1573"
"6550","北極星藥業-KY","1383061","163744808","119.50","120.00","117.50","118.50","-0.5000","1229"
"6552","易華電","15970","632978","39.50","39.95","39.35","39.95","0.4500","19"
"6558","興能高","200325","4360743","21.30","22.15","21.30","22.05","0.8500","148"
"6573","虹揚-KY","68002","1041280","15.30","15.45","15.20","15.30","0.0500","46"
"6579","研揚","4013","311607","77.20","78.20","77.20","78.20","0.6000","6"
"6581","鋼聯","26313","2051888","78.40","78.60","77.60","78.60","0.0000","40"
"6582","申豐","182002","15169992","81.50","84.40","81.50","83.50","2.0000","196"
"6585","鼎基","30000","2070000","68.60","69.70","68.50","69.60","0.6000","21"
"6591","動力-KY","114454","5263548","45.80","46.35","45.40","46.35","0.7500","90"
"6592","和潤企業","351615","34353657","97.70","98.60","97.30","98.50","0.9000","297"
"6598","ABC-KY","213162","6224153","29.10","29.60","28.85","29.55","0.4500","136"
"6605","帝寶","1312085","91918150","72.00","72.00","69.00","70.60","-0.3000","967"
"6625","必應","9376","258039","27.45","27.80","27.40","27.65","0.2000","12"
"6641","基士德-KY","5000","290500","58.00","58.40","58.00","58.10","0.1000","4"
"6655","科定","61078","8952988","149.50","149.50","145.00","145.50","-4.0000","48"
"6666","羅麗芬-KY","21451","1193737","57.20","57.20","55.00","55.00","-0.9000","65"
"6668","中揚光","812442","36547072","44.65","46.20","43.70","45.55","1.1500","622"
"6669","緯穎","671224","495204241","724.00","751.00","715.00","741.00","16.0000","843"
"6670","復盛應用","444546","82670831","183.00","188.50","182.00","188.50","8.0000","369"
"6671","三能-KY","11000","482650","43.95","43.95","43.40","43.40","-0.4500","7"
"6672","騰輝電子-KY","229624","16020272","68.50","70.60","68.50","70.50","2.1000","225"
"6674","鋐寶科技","","","","","","","0.0000",""
"6691","洋基工程","40556","6305727","157.50","157.50","153.50","157.00","1.5000","70"
"6698","旭暉應材","151197","4748827","30.60","31.85","30.60","31.80","1.2500","127"
"6706","惠特","596697","75966070","125.50","128.50","125.00","128.50","3.5000","546"
"6715","嘉基","1271233","202538645","154.00","163.00","153.50","160.50","6.0000","1083"
"6719","力智","4074380","1455773067","341.00","368.00","341.00","365.00","26.5000","4088"
"6743","安普新","125073","4884242","38.20","39.50","38.05","39.50","1.4500","107"
"6754","匯僑設計","33024","1402982","42.60","42.60","42.25","42.50","0.0000","23"
"6756","威鋒電子","923496","241843023","254.00","266.00","254.00","262.00","9.0000","1452"
"6768","志強-KY","210215","14926610","70.60","71.90","70.40","71.40","0.9000","135"
"6770","力積電","32571437","1341998121","39.95","42.00","39.90","41.80","2.1000","16193"
"6776","展碁國際","21000","800700","38.30","38.30","38.05","38.25","0.0000","13"
"6781","AES-KY","1286066","1478633425","1120.00","1185.00","1100.00","1175.00","75.0000","1600"
"6789","采鈺","1128075","341752017","302.50","309.00","297.50","307.00","4.5000","6716"
"6790","永豐實","52411","2015263","38.30","38.60","38.25","38.50","0.2500","38"
"6792","詠業","170348","14921037","86.80","89.00","86.00","88.90","2.9000","195"
"6796","晉弘","1390610","148755849","103.00","111.50","101.50","111.50","10.0000","1070"
"6799","來頡","241961","35259015","141.00","150.00","139.00","149.50","8.5000","258"
"6806","森崴能源","868579","69114026","80.20","80.50","78.80","80.20","0.4000","752"
"6807","峰源-KY","7000","194800","27.95","27.95","27.50","27.50","-0.2000","6"
"8011","台通","292083","4199857","14.40","14.55","14.20","14.50","0.2500","196"
"8016","矽創","2269543","359595964","155.00","162.00","154.50","162.00","6.5000","1920"
"8021","尖點","416917","11787300","27.90","28.45","27.90","28.40","0.0000","360"
"8028","昇陽半導體","9939044","642480258","64.60","65.80","63.50","64.50","0.0000","6128"
"8033","雷虎","1380809","23813984","16.90","17.40","16.90","17.35","0.3500","641"
"8039","台虹","281246","11482783","40.85","41.20","40.50","41.00","0.3000","207"
"8046","南電","20224641","5610198086","270.00","285.50","267.00","282.00","15.5000","27793"
"8070","長華*","258094","8516946","33.10","33.20","32.80","33.00","0.2000","229"
"8072","陞泰","9548","217482","22.65","22.85","22.65","22.85","0.2000","57"
"8081","致新","556024","83263297","147.00","152.00","146.50","152.00","5.5000","521"
"8101","華冠","360298","835061","2.42","2.42","2.25","2.29","0.0900","80"
"8103","瀚荃","253460","9225150","35.90","36.70","35.85","36.55","0.7000","200"
"8104","錸寶","385587","15802924","40.50","41.30","40.40","41.20","0.8500","270"
"8105","凌巨","708000","7525200","10.65","10.70","10.50","10.65","0.1500","267"
"8110","華東","913355","11531658","12.55","12.80","12.45","12.70","0.3000","393"
"8112","至上","3373601","124141111","36.50","37.15","36.45","37.00","1.0500","1926"
"8112A","至上甲特","9968","411605","41.35","41.35","41.30","41.30","0.0000","14"
"8114","振樺電","2151019","285556965","135.50","136.00","130.50","134.00","-0.5000","1917"
"8131","福懋科","109425","3997552","36.35","36.70","36.20","36.60","0.3000","97"
"8150","南茂","4500474","161604956","35.80","36.35","35.40","36.30","0.9000","2706"
"8163","達方","551725","21521577","38.80","39.25","38.75","39.25","0.1500","440"
"8201","無敵","138202","1448270","10.40","10.60","10.40","10.50","0.1000","77"
"8210","勤誠","96416","6613083","68.70","69.00","68.00","69.00","0.9000","85"
"8213","志超","739243","27230688","36.80","37.15","36.65","37.15","0.6500","382"
"8215","明基材","2426851","73156762","29.60","30.80","29.55","30.65","1.2500","1263"
"8222","寶一","9237184","214566981","22.70","24.10","22.10","23.00","0.3500","5196"
"8249","菱光","156292","3208645","20.70","20.75","20.30","20.55","-0.1500","97"
"8261","富鼎","9859736","1080925552","107.00","112.00","107.00","111.00","5.0000","6488"
"8271","宇瞻","168069","6539184","38.55","39.05","38.55","39.05","0.6500","153"
"8341","日友","122177","22542344","182.00","188.50","181.50","188.00","4.0000","531"
"8367","建新國際","141620","5005978","35.10","36.15","34.70","34.70","0.1500","118"
"8374","羅昇","57120","1767328","31.00","31.00","30.80","30.90","0.2000","41"
"8404","百和興業-KY","103000","3227400","31.25","31.50","31.25","31.30","0.0500","54"
"8411","福貞-KY","63655","1023644","15.95","16.10","15.95","16.10","0.1000","30"
"8422","可寧衛","330440","57194548","171.50","175.00","171.00","174.50","4.0000","442"
"8429","金麗-KY","84521","808408","9.58","9.60","9.54","9.57","0.0000","125"
"8438","昶昕","28200","896203","32.05","32.05","31.30","31.60","-0.4500","25"
"8442","威宏-KY","90000","5533500","61.10","62.00","61.00","61.30","0.0000","63"
"8443","阿瘦","92045","1080679","11.80","11.85","11.65","11.80","0.0500","102"
"8454","富邦媒","880345","719365484","815.00","826.00","809.00","817.00","6.0000","1283"
"8462","柏文","19421","2442130","126.50","126.50","125.00","126.00","0.0000","61"
"8463","潤泰材","1431665","27413076","19.90","19.90","18.70","19.75","-0.8000","750"
"8464","億豐","164688","46891591","283.00","286.00","281.50","285.50","4.5000","172"
"8466","美吉吉-KY","25000","1112300","45.30","45.30","44.20","44.85","-0.6500","15"
"8467","波力-KY","1010368","76697632","74.90","78.00","73.50","73.50","-0.2000","744"
"8473","山林水","31340","932843","29.80","29.80","29.70","29.80","-0.0500","35"
"8478","東哥遊艇","5885263","1175534683","205.00","206.00","196.50","199.00","-4.5000","4792"
"8480","泰昇-KY","6394","421275","65.90","65.90","65.80","65.90","-0.4000","15"
"8481","政伸","15000","883700","59.00","59.00","58.80","59.00","0.6000","15"
"8482","商億-KY","6000","423100","70.30","70.70","70.30","70.70","0.2000","6"
"8488","吉源-KY","2000","32200","16.10","16.10","16.10","16.10","0.1000","1"
"8499","鼎炫-KY","9000","1044500","116.00","117.00","115.00","117.00","1.5000","9"
"8926","台汽電","267972","9765917","36.35","36.55","36.35","36.45","0.0500","211"
"8940","新天地","132301","1966323","15.15","15.20","14.65","14.75","-0.1500","108"
"8996","高力","4538211","306786426","67.80","68.90","66.60","67.90","0.6000","2802"
"9103","美德醫療-DR","1026777","7914190","7.75","7.79","7.66","7.73","-0.0700","433"
"910322","康師傅-DR","1000","25850","25.85","25.85","25.85","25.85","0.4000","1"
"9105","泰金寶-DR","2904680","10643687","3.65","3.69","3.64","3.68","0.0400","772"
"910861","神州-DR","74000","502880","6.90","7.04","6.68","6.93","0.1600","40"
"9110","越南控-DR","16000","50030","3.13","3.13","3.08","3.13","0.0100","7"
"911608","明輝-DR","146501","398599","2.66","2.84","2.61","2.83","0.1600","74"
"911622","泰聚亨-DR","7500","37550","5.01","5.01","5.00","5.01","0.0000","7"
"911868","同方友友-DR","234576","260805","1.11","1.12","1.10","1.12","0.0000","53"
"912000","晨訊科-DR","172000","410430","2.40","2.40","2.37","2.39","0.0100","41"
"9136","巨騰-DR","225000","1492200","6.62","6.66","6.58","6.65","0.0800","84"
"9802","鈺齊-KY","6303446","1115799351","182.00","183.50","174.50","175.50","-7.0000","4218"
"9902","台火","20094","211065","10.50","10.50","10.50","10.50","0.1000","24"
"9904","寶成","54625451","1430538521","26.85","27.00","25.40","26.55","-1.1500","21761"
"9905","大華","213486","5326560","24.80","25.10","24.75","25.05","0.0000","168"
"9906","欣巴巴","29009","1404084","49.00","49.00","48.05","48.20","-0.3000","29"
"9907","統一實","1975416","29478722","15.00","15.00","14.85","15.00","0.2000","615"
"9908","大台北","156690","5188643","33.65","33.65","33.05","33.10","0.0000","87"
"9910","豐泰","996397","174689680","175.50","179.00","173.00","175.50","0.0000","1445"
"9911","櫻花","64298","3943624","61.40","61.50","61.20","61.40","0.0000","115"
"9912","偉聯","24536","217713","8.95","8.98","8.82","8.98","-0.0100","24"
"9914","美利達","1322159","310669911","228.00","239.50","228.00","238.50","11.5000","1460"
"9917","中保科","172668","17644018","102.50","103.00","101.50","102.00","-1.0000","298"
"9918","欣天然","23506","1011456","42.85","43.30","42.75","43.15","0.0000","37"
"9919","康那香","497506","8237539","16.75","16.75","16.45","16.60","-0.0500","323"
"9921","巨大","1115818","271610156","234.50","251.00","234.50","245.50","10.5000","1009"
"9924","福興","43431","1697318","38.90","39.20","38.90","39.20","0.1000","40"
"9925","新保","78385","3137562","40.00","40.05","39.95","40.05","0.0000","72"
"9926","新海","3124","161126","51.30","51.70","51.30","51.70","0.1000","10"
"9927","泰銘","154208","6126854","39.35","39.90","39.35","39.90","0.3500","105"
"9928","中視","22060","296654","13.70","13.70","13.30","13.50","-0.3500","22"
"9929","秋雨","227381","1893513","7.96","8.45","7.86","8.45","0.7600","117"
"9930","中聯資源","26910","1220430","45.30","45.40","45.30","45.40","0.1000","28"
"9931","欣高","7069","279439","39.45","39.75","39.45","39.65","-0.2000","10"
"9933","中鼎","2142619","87761679","41.70","41.70","40.50","41.30","-0.1000","1504"
"9934","成霖","56101","644016","11.50","11.50","11.45","11.50","0.0000","42"
"9935","慶豐富","37080","654655","17.65","17.75","17.50","17.75","0.0500","45"
"9937","全國","132999","6568536","49.70","49.70","49.10","49.30","-0.4000","135"
"9938","百和","720807","44497094","61.60","62.30","60.90","62.20","1.1000","547"
"9939","宏全","638789","45943414","72.20","72.40","71.60","72.30","0.1000","455"
"9940","信義","140606","4368287","31.35","31.35","30.85","31.20","-0.1500","113"
"9941","裕融","1588044","321809749","207.50","207.50","200.00","205.00","-3.0000","2484"
"9941A","裕融甲特","43158","2272357","52.70","52.70","52.60","52.60","-0.2000","23"
"9942","茂順","41290","3462830","84.40","84.40","83.60","84.30","0.6000","41"
"9943","好樂迪","37279","2044212","55.00","55.00","54.70","55.00","0.0000","48"
"9944","新麗","69224","1351657","19.50","19.60","19.45","19.60","0.0500","98"
"9945","潤泰新","6913426","409274132","59.20","59.20","59.20","59.20","-6.5000","6499"
"9946","三發地產","19364","249115","12.85","13.00","12.80","12.80","0.0000","23"
"9955","佳龍","295459","5655372","19.35","19.40","18.95","19.25","-0.1000","248"
"9958","世紀鋼","1542547","149753913","97.80","98.00","96.20","97.80","0.4000","1004"
