1101,台泥,41315092,16946,1398220322,33.50,34.20,33.45,33.80,+,0.50,33.80,207,33.85,94,35.96,
1101B,台泥乙特,13178,9,618200,47.00,47.00,46.90,47.00,+,0.05,46.75,1,47.00,8,0.00,
1102,亞泥,18251369,8587,869134845,46.65,48.40,46.60,47.75,+,1.10,47.70,64,47.75,136,15.11,
1103,嘉泥,426818,299,7750131,17.95,18.30,17.95,18.20, ,0.00,18.15,2,18.20,2,121.33,
1104,環泥,589797,623,18217871,30.75,31.20,30.70,30.90,+,0.15,30.80,2,30.90,3,10.16,
1108,幸福,567522,267,8555762,15.10,15.15,15.00,15.15,+,0.15,15.10,2,15.15,81,12.22,
1109,信大,198115,215,3733132,18.85,18.90,18.80,18.85,+,0.05,18.80,18,18.85,19,9.92,
1110,東泥,150886,112,3318018,21.85,22.20,21.80,22.05,+,0.10,21.95,1,22.10,16,91.88,
1201,味全,354444,310,6498728,18.30,18.40,18.30,18.30, ,0.00,18.30,15,18.35,45,27.31,
1203,味王,26440,86,1325857,50.00,51.00,49.40,50.10,-,0.40,50.10,2,50.40,3,22.47,
1210,大成,1531705,1281,79339107,52.40,52.70,51.50,51.50,-,0.70,51.50,130,51.60,9,11.27,
1213,大飲,306079,77,3488348,12.00,12.00,10.80,12.00, ,0.00,11.45,3,12.00,2,0.00,
1215,卜蜂,1480250,1724,145961473,101.00,101.00,97.70,97.70,-,4.30,97.70,32,98.70,3,14.45,
1216,統一,12851143,10803,1128582598,89.70,89.70,87.20,87.20,-,1.50,87.20,300,87.30,2,26.67,
1217,愛之味,1465271,481,18338423,12.45,12.55,12.45,12.55,+,0.10,12.50,32,12.55,638,19.92,
1218,泰山,379669,349,7854138,20.65,20.80,20.60,20.65, ,0.00,20.65,1,20.70,40,13.77,
1219,福壽,289822,198,5011256,17.20,17.40,17.15,17.35,+,0.10,17.30,2,17.35,67,20.41,
1220,台榮,378474,146,6232244,16.45,16.60,16.35,16.35,-,0.10,16.35,17,16.45,17,12.48,
1225,福懋油,80438,761,11142533,143.00,144.50,136.00,138.00,-,5.00,138.00,1,139.00,1,67.32,
1227,佳格,718059,659,28332262,39.50,39.65,39.15,39.45,+,0.15,39.40,17,39.45,15,23.07,
1229,聯華,844143,850,52169528,61.80,62.10,61.50,61.70,-,0.10,61.70,3,61.90,6,22.68,
1231,聯華食,150649,353,16298348,108.00,109.50,107.50,108.00,-,0.50,108.00,4,109.00,12,23.28,
1232,大統益,60507,132,9010368,149.50,149.50,148.50,149.00, ,0.00,148.00,7,149.00,25,18.24,
1233,天仁,3397,18,112448,33.05,33.20,33.05,33.20,+,0.15,33.10,3,33.20,1,34.23,
1234,黑松,82803,106,3516837,42.30,43.50,42.30,42.50,+,0.20,42.35,2,42.50,2,17.42,
1235,興泰,17856,56,2705520,148.00,152.50,148.00,152.50,+,4.50,150.50,1,152.50,5,32.17,
1236,宏亞,18455,75,437019,23.50,23.75,23.50,23.75,+,0.25,23.65,1,23.75,2,182.69,
1256,鮮活果汁-KY,268967,404,44345058,160.50,168.00,160.00,168.00,+,15.00,168.00,67,0,0,18.60,
1301,台塑,37097057,23743,1994424889,53.20,54.70,52.20,53.50, ,0.00,53.50,543,53.60,1,63.69,
1303,南亞,12957929,11620,599235524,46.40,46.75,45.80,46.00,-,0.40,46.00,108,46.05,65,48.94,
1304,台聚,3141978,1906,50603813,16.30,16.35,15.90,16.15,-,0.15,16.10,49,16.15,26,0.00,
1305,華夏,6026127,2587,106505653,17.85,18.00,17.20,17.80,+,0.10,17.75,27,17.80,41,59.33,
1307,三芳,3867563,2980,152511898,39.30,40.70,38.45,38.45,-,0.65,38.45,27,38.60,1,13.59,
1308,亞聚,2326954,1883,44171818,19.25,19.25,18.70,19.00,-,0.35,18.95,10,19.00,33,0.00,
1309,台達化,32150105,14382,704859488,22.80,22.90,20.90,21.70,+,0.10,21.65,33,21.70,126,0.00,
1310,台苯,919166,786,11863104,13.10,13.15,12.75,13.00,-,0.05,12.90,10,13.00,29,0.00,
1312,國喬,2929509,1252,39753860,13.65,13.80,13.30,13.50,-,0.15,13.50,9,13.55,35,0.00,
1312A,國喬特,0,0,0,0,0,0,0, ,0.00,23.30,2,23.60,5,0.00,
1313,聯成,4746956,1880,58611553,12.60,12.60,12.10,12.35,-,0.20,12.30,118,12.35,23,0.00,
1314,中石化,17682351,4689,168462488,9.70,9.70,9.45,9.47,-,0.11,9.47,535,9.48,229,29.59,
1315,達新,27859,40,1975281,70.90,71.00,70.80,71.00, ,0.00,70.90,1,71.40,2,37.17,
1316,上曜,2742308,1151,46385083,17.10,17.10,16.80,16.85,-,0.35,16.85,472,16.90,39,0.00,
1319,東陽,2545006,2053,271909726,105.50,108.00,104.50,106.50,+,1.00,106.00,107,106.50,26,15.82,
1321,大洋,143540,117,5369662,37.50,37.65,37.20,37.55,+,0.15,37.50,2,37.60,2,35.76,
1323,永裕,95889,85,2601365,27.35,27.35,27.00,27.25,+,0.05,27.15,2,27.25,10,28.09,
1324,地球,60141,83,805333,13.40,13.50,13.30,13.40, ,0.00,13.25,7,13.40,10,39.41,
1325,恆大,184245,165,5128366,28.30,28.30,27.60,28.00,-,0.15,27.80,8,28.00,1,311.11,
1326,台化,13235958,10606,581532512,43.85,44.50,43.45,43.45,-,0.85,43.45,25,43.50,33,23.11,
1337,再生-KY,1029887,603,7582330,7.28,7.51,7.25,7.46,+,0.18,7.46,6,7.47,5,0.00,
1338,廣華-KY,360500,310,11741475,32.00,33.25,31.90,32.95,+,1.15,32.80,2,32.95,3,0.00,
1339,昭輝,55284,61,3228666,58.50,58.70,58.20,58.30,-,0.20,58.30,3,58.40,3,9.12,
1340,勝悅-KY,861032,607,9288296,10.35,11.25,10.35,10.55,+,0.20,10.50,3,10.55,1,0.00,
1341,富林-KY,1380,17,94239,68.40,68.40,68.40,68.40,+,0.20,68.00,1,68.40,1,15.03,
1342,八貫,109643,578,10630289,98.10,98.10,96.40,96.50,-,1.20,96.50,6,97.00,7,12.57,
1402,遠東新,11637906,5325,449588787,38.25,39.00,38.10,38.40,+,0.20,38.35,153,38.40,27,21.57,
1409,新纖,2727066,1028,44355438,16.40,16.45,16.15,16.25,-,0.15,16.20,55,16.25,28,19.82,
1410,南染,105461,137,3893807,36.85,37.35,36.85,36.95,+,0.05,36.90,11,36.95,4,99.86,
1413,宏洲,102001,22,1018509,10.00,10.00,9.96,9.99,-,0.01,9.96,2,9.99,41,0.00,
1414,東和,212094,181,4806255,22.70,22.85,22.50,22.80,+,0.20,22.70,1,22.85,6,84.44,
1416,廣豐,1313878,600,17376321,13.20,13.35,13.10,13.25,+,0.15,13.25,47,13.30,113,14.10,
1417,嘉裕,444036,685,4541116,10.30,10.35,10.15,10.15,-,0.15,10.15,116,10.20,5,0.00,
1418,東華,12069,15,392020,32.40,32.70,32.35,32.70,+,0.25,32.35,1,32.75,4,53.61,
1419,新紡,40700,81,1975464,48.95,48.95,48.10,48.65,-,0.35,48.65,1,48.75,6,20.97,
1423,利華,129644,78,5893911,45.20,46.35,45.20,45.30,+,0.10,45.20,1,45.30,6,63.80,
1432,大魯閣,273725,353,5104739,18.75,18.75,18.55,18.65,-,0.10,18.60,4,18.70,25,81.09,
1434,福懋,854923,741,17843097,20.70,20.95,20.70,20.95,+,0.15,20.85,9,20.95,206,110.26,
1435,中福,1068,10,51777,48.50,48.50,48.50,48.50,+,0.40,43.35,1,48.80,2,0.00,
1436,華友聯,325591,970,45617582,139.50,143.00,138.00,140.00, ,0.00,139.50,2,140.00,3,9.10,
1437,勤益控,124347,138,4501079,36.60,36.60,36.00,36.25,-,0.40,36.05,2,36.25,1,10.54,
1438,三地開發,351808,370,22060287,63.00,64.30,61.40,61.70,-,1.30,61.70,4,61.80,4,0.00,
1439,雋揚,13832,46,430136,30.75,31.75,30.75,31.25, ,0.00,30.80,3,31.25,1,19.90,
1440,南紡,1047892,498,17107311,16.25,16.50,16.20,16.20,-,0.10,16.15,77,16.20,13,10.80,
1441,大東,73856,97,1219150,16.80,16.80,16.30,16.55,-,0.30,16.50,2,16.55,7,183.89,
1442,名軒,835577,722,56687456,67.70,68.70,67.20,67.60,-,0.10,67.60,8,67.90,1,8.55,
1443,立益物流,21550,33,713272,33.00,33.25,32.85,33.25,+,0.25,33.05,1,33.30,2,16.71,
1444,力麗,976502,476,9262416,9.51,9.52,9.44,9.48,+,0.02,9.46,11,9.48,21,45.14,
1445,大宇,275363,117,5301933,19.30,19.40,19.15,19.35,+,0.05,19.20,2,19.35,3,2.57,
1446,宏和,1182336,822,54257392,45.30,46.70,44.80,45.60,+,0.50,45.60,10,45.65,2,8.91,
1447,力鵬,1626211,970,14054449,8.73,8.73,8.56,8.59,-,0.14,8.59,1,8.60,2,0.00,
1449,佳和,665728,319,12327868,18.90,18.90,18.40,18.40,-,0.45,18.40,20,18.50,8,16.00,
1451,年興,128243,176,2594511,20.00,20.30,20.00,20.30,+,0.15,20.20,11,20.30,14,0.00,
1452,宏益,171632,120,2928176,16.90,17.10,16.90,17.10,+,0.10,17.05,2,17.10,22,21.92,
1453,大將,117471,125,2160634,18.45,18.50,18.20,18.50,+,0.05,18.50,7,18.55,10,25.69,
1454,台富,25788,31,469355,18.25,18.25,18.15,18.20, ,0.00,18.15,11,18.20,5,70.00,
1455,集盛,648377,535,7280740,11.40,11.40,11.10,11.15,-,0.25,11.15,18,11.20,35,69.69,
1456,怡華,51682,33,946746,18.35,18.50,18.20,18.30,-,0.15,18.20,1,18.40,4,0.00,
1457,宜進,121499,95,2450201,20.20,20.25,20.10,20.20,-,0.05,20.10,5,20.20,1,6.94,
1459,聯發,78529,71,796934,10.15,10.15,10.10,10.15, ,0.00,10.10,27,10.15,5,29.85,
1460,宏遠,436107,231,3168190,7.27,7.30,7.23,7.30,+,0.03,7.30,35,7.32,23,0.00,
1463,強盛新,72775,74,1687052,23.05,23.35,23.05,23.15,-,0.05,23.10,14,23.30,10,45.39,
1464,得力,612875,349,8778295,14.35,14.45,14.20,14.40,+,0.20,14.35,8,14.40,46,29.39,
1465,偉全,134865,108,2060614,15.25,15.35,15.15,15.35,+,0.10,15.20,2,15.35,6,20.47,
1466,聚隆,228092,115,3013760,13.10,13.30,13.10,13.15,+,0.05,13.15,2,13.20,7,0.00,
1467,南緯,170968,246,1781211,10.45,10.45,10.40,10.45,+,0.10,10.35,31,10.45,28,52.25,
1468,昶和,42001,41,603164,14.45,14.45,14.25,14.35,-,0.15,14.20,2,14.35,1,18.88,
1470,大統新創,13024,10,287828,22.15,22.20,21.80,22.10,-,0.05,21.80,3,22.10,3,31.57,
1471,首利,315668,163,4326035,13.65,14.00,13.40,13.55,-,0.10,13.50,42,13.55,1,677.50,
1472,三洋實業,9161,12,541195,59.00,59.80,58.70,59.80,+,0.20,59.80,2,60.00,2,14.88,
1473,台南,254811,318,9418303,37.10,37.35,36.70,36.90,-,0.25,36.90,5,36.95,1,11.39,
1474,弘裕,75722,120,965875,12.70,12.80,12.70,12.75,+,0.05,12.70,10,12.75,1,16.35,
1475,業旺,69202,99,4290582,62.70,62.70,61.60,61.80,-,0.90,61.70,1,61.80,1,10.47,
1476,儒鴻,819247,1105,448348885,555.00,556.00,539.00,545.00,-,19.00,545.00,8,546.00,9,24.45,
1477,聚陽,1957948,2126,690410166,352.00,358.50,347.50,349.00,-,3.00,349.00,4,349.50,3,20.02,
1503,士電,2480620,7050,560255596,230.50,232.00,220.50,221.00,-,6.50,220.50,12,221.50,27,40.48,
1504,東元,2462372,2639,121414859,49.90,49.90,48.75,48.80,-,0.85,48.80,37,48.85,3,21.13,
1506,正道,85578,33,1312196,15.35,15.40,15.30,15.35,+,0.05,15.30,13,15.35,11,76.75,
1512,瑞利,15377,18,109563,7.10,7.18,7.10,7.18,-,0.02,7.12,29,7.39,1,0.00,
1513,中興電,11855316,16670,2068634583,175.50,178.00,172.00,172.50,-,3.50,172.50,41,173.00,90,25.26,
1514,亞力,5218707,4684,651347668,127.00,129.00,122.00,122.00,-,3.50,121.50,100,122.00,3,36.31,
1515,力山,530368,562,19843704,38.00,38.00,37.25,37.30,-,0.70,37.30,6,37.40,2,9.47,
1516,川飛,65346,65,1252384,19.35,19.35,19.05,19.15,-,0.30,19.15,2,19.20,6,23.07,
1517,利奇,257241,302,4107697,15.95,16.05,15.85,16.05,+,0.20,16.00,11,16.05,13,0.00,
1519,華城,8229916,16292,5338267544,668.00,677.00,628.00,629.00,-,31.00,629.00,6,630.00,5,49.45,
1521,大億,34053,32,1335781,39.20,39.45,39.10,39.45,+,0.05,39.15,1,39.50,11,41.53,
1522,堤維西,3810987,2576,242181977,63.80,64.30,63.00,63.10,-,1.00,63.10,3,63.30,9,11.86,
1522A,堤維西甲特,0,0,0,0,0,0,0, ,0.00,46.10,1,46.30,2,0.00,
1524,耿鼎,3301916,2524,117685876,35.70,36.10,35.30,35.55,-,0.10,35.50,74,35.55,5,11.73,
1525,江申,20359,29,1403667,69.60,69.60,68.40,69.10,-,0.40,68.60,2,69.80,2,18.63,
1526,日馳,106613,100,3056092,28.95,28.95,28.55,28.70,-,0.15,28.70,1,28.75,1,0.00,
1527,鑽全,895763,996,42615122,48.10,48.30,47.00,47.00,-,1.00,47.00,23,47.05,8,13.66,
1528,恩德,377012,282,5272559,14.00,14.20,13.85,13.95,-,0.05,13.95,4,14.00,33,0.00,
1529,樂事綠能,541233,1970,16152591,30.15,30.40,29.50,29.60,-,0.40,29.60,1,29.65,4,148.00,
1530,亞崴,137088,168,4503028,32.85,33.15,32.55,33.00,+,0.15,32.85,7,33.00,1,13.47,
1531,高林股,64687,127,953622,14.70,14.80,14.65,14.80,+,0.10,14.65,8,14.80,33,29.60,
1532,勤美,2377695,1474,93820598,39.00,40.00,38.75,39.15,+,0.25,39.15,6,39.20,2,7.47,
1533,車王電,85894,112,3555646,41.10,41.70,41.10,41.70,+,0.60,41.60,1,41.70,9,0.00,
1535,中宇,48683,119,3003245,61.70,61.80,61.50,61.80,-,0.20,61.70,1,61.80,3,14.24,
1536,和大,1509196,1171,86675877,57.30,57.90,56.60,57.40,-,0.10,57.40,3,57.50,20,98.97,
1537,廣隆,162626,207,24473392,151.00,152.00,150.00,150.00,-,2.00,150.00,16,150.50,5,15.45,
1538,正峰,1246,11,22416,18.20,18.20,18.20,18.20,-,0.10,17.70,1,18.15,1,0.00,
1539,巨庭,1165375,811,35734532,30.70,31.25,30.10,30.90,-,0.10,30.85,13,30.90,2,18.61,
1540,喬福,9066727,5871,416669642,45.55,46.60,45.25,45.90,+,0.30,45.90,96,45.95,1,21.96,
1541,錩泰,36000,31,1219200,34.10,34.10,33.65,33.95,-,0.05,33.70,1,33.95,3,13.21,
1558,伸興,115294,371,13311307,116.50,116.50,115.00,115.50,-,1.50,115.00,51,115.50,1,20.44,
1560,中砂,1192175,3438,371537500,314.00,317.00,308.50,310.00,-,5.00,310.00,3,310.50,10,46.76,
1563,巧新,168474,187,10459652,62.60,62.60,61.80,61.90,-,0.70,61.80,17,62.00,11,20.43,
1568,倉佑,120658,128,3487960,29.05,29.10,28.80,28.80,-,0.25,28.80,26,28.85,1,9.93,
1582,信錦,1757889,1609,185500340,106.50,108.00,104.00,104.00,-,3.00,104.00,41,104.50,4,14.75,
1583,程泰,53440,76,3306903,61.80,62.30,61.60,62.30,+,0.10,61.90,9,62.40,5,10.11,
1587,吉茂,517932,500,23066419,44.80,45.30,44.20,44.20,-,1.60,44.20,3,44.25,4,0.00,
1589,永冠-KY,191226,339,8563224,44.90,45.45,44.30,44.80,-,0.10,44.70,2,44.80,1,0.00,
1590,亞德客-KY,1844781,2248,1696364854,942.00,942.00,896.00,913.00,-,26.00,912.00,6,918.00,7,23.62,
1597,直得,4223177,3698,419590987,96.50,102.00,96.10,97.50,+,0.30,97.50,11,97.60,1,118.90,
1598,岱宇,151736,150,4315794,28.70,28.95,28.00,28.95,+,0.30,28.70,10,28.95,2,0.00,
1603,華電,206157,225,7898536,38.65,38.75,38.10,38.20,-,0.55,38.20,1,38.30,1,12.52,
1604,聲寶,167375,224,4738820,28.30,28.40,28.25,28.35,-,0.15,28.25,10,28.35,22,13.31,
1605,華新,25200028,14376,886931925,35.90,36.00,34.70,35.00,-,0.55,34.95,44,35.00,7,27.56,
1608,華榮,3193838,2490,106875242,33.85,33.90,33.15,33.20,-,0.90,33.20,6,33.30,2,16.20,
1609,大亞,9289630,8807,476520817,51.90,52.70,50.70,50.70,-,1.30,50.70,46,50.80,46,22.53,
1611,中電,538643,396,9380880,17.60,17.60,17.25,17.35,-,0.25,17.30,7,17.35,3,31.55,
1612,宏泰,647201,704,22372050,34.70,35.00,34.40,34.45,-,0.50,34.45,4,34.55,5,14.24,
1614,三洋電,43484,45,1766832,40.75,40.75,40.45,40.75, ,0.00,40.45,7,40.75,3,52.92,
1615,大山,210482,705,13321320,63.20,63.90,62.80,62.90,-,0.80,62.90,3,63.00,2,15.05,
1616,億泰,1816560,1088,39466866,20.95,22.10,20.95,22.00,+,0.80,22.00,20,22.05,25,25.58,
1617,榮星,373767,403,8141730,22.00,22.30,21.55,21.55,-,0.40,21.55,12,21.65,4,113.42,
1618,合機,1037405,917,49395914,48.05,48.60,47.30,47.50,-,0.50,47.50,1,47.55,5,16.55,
1626,艾美特-KY,691704,391,11991449,17.10,17.55,17.10,17.30,+,0.20,17.25,11,17.30,4,0.00,
1702,南僑,1838432,1991,102897181,55.80,57.20,55.30,55.70,+,0.40,55.60,11,55.70,23,10.65,
1707,葡萄王,210997,363,30321958,145.50,145.50,143.00,143.50,-,2.00,143.50,3,144.00,4,14.96,
1708,東鹼,4000524,3688,165340354,41.95,42.00,40.80,41.35,-,0.60,41.30,17,41.35,1,14.87,
1709,和益,2402085,1426,59642457,25.30,25.30,24.50,24.65,-,0.55,24.65,47,24.70,30,17.86,
1710,東聯,1417801,737,26627743,18.80,18.90,18.60,18.80, ,0.00,18.75,10,18.80,26,0.00,
1711,永光,12754495,6954,339786605,26.45,27.10,26.15,26.50,-,0.10,26.50,7,26.55,16,75.71,
1712,興農,204073,245,8750395,42.85,43.00,42.80,42.95,-,0.05,42.85,9,42.95,1,17.67,
1713,國化,49504,66,2668503,53.80,54.20,53.70,54.20,+,0.20,53.80,1,54.30,5,14.38,
1714,和桐,3091190,1024,27928390,8.97,9.09,8.97,9.00,+,0.03,9.00,93,9.01,29,16.36,
1717,長興,7033246,4282,242574226,34.80,34.95,34.15,34.15,-,0.85,34.15,147,34.20,70,21.21,
1718,中纖,2936246,1304,25111749,8.61,8.61,8.49,8.53,-,0.05,8.52,143,8.53,9,0.00,
1720,生達,173136,177,11181724,64.50,64.80,64.40,64.50, ,0.00,64.50,4,64.60,4,13.49,
1721,三晃,4211374,2439,107759937,25.40,26.00,25.20,25.30,+,0.25,25.25,49,25.30,10,0.00,
1722,台肥,2938537,1268,170768281,58.50,58.80,57.40,58.00,-,0.50,57.90,16,58.00,50,35.80,
1723,中碳,348921,424,35503882,101.50,102.50,101.00,101.50,-,0.50,101.50,2,102.00,2,18.83,
1725,元禎,143869,143,5977789,41.90,42.35,40.95,41.20,-,1.00,41.00,3,41.20,3,30.07,
1726,永記,8089,16,641751,79.40,79.70,79.00,79.40,-,0.30,79.10,1,79.80,1,14.92,
1727,中華化,16251481,10467,687790259,41.05,43.50,40.25,41.80,+,1.20,41.75,12,41.80,8,209.00,
1730,花仙子,28201,51,1506996,53.20,53.70,53.10,53.70,+,0.50,53.30,3,53.80,2,15.39,
1731,美吾華,183828,134,4406443,23.95,24.00,23.90,24.00,+,0.05,23.95,3,24.00,9,18.46,
1732,毛寶,612243,430,17591433,28.40,29.15,28.35,28.90,+,0.95,28.90,1,28.95,1,240.83,
1733,五鼎,51531,58,1530240,29.80,29.80,29.55,29.80, ,0.00,29.65,5,29.80,1,27.34,
1734,杏輝,217227,217,7117279,32.75,32.85,32.70,32.75,-,0.10,32.75,2,32.80,13,15.23,
1735,日勝化,732175,557,17643978,24.90,25.10,23.30,24.30,-,0.60,24.25,3,24.30,2,22.92,
1736,喬山,2934584,2697,456977063,150.00,160.00,149.50,157.50,+,8.00,157.00,6,157.50,28,40.49,
1737,臺鹽,213590,281,7456716,35.00,35.05,34.80,34.95,-,0.05,34.90,11,34.95,2,19.53,
1752,南光,100532,77,4490510,44.80,44.85,44.50,44.50,-,0.10,44.50,3,44.60,1,40.45,
1760,寶齡富錦,79571,118,7204884,90.50,91.50,89.90,91.50,+,1.00,91.30,1,91.60,2,77.54,
1762,中化生,90538,211,3888020,42.70,43.10,42.65,43.10,+,0.40,42.90,1,43.10,1,28.36,
1773,勝一,1146028,1822,204879254,180.00,182.00,176.50,178.00,-,2.00,178.00,4,178.50,18,26.77,
1776,展宇,685282,578,15941626,23.80,23.80,22.80,23.35,-,0.25,23.35,1,23.40,8,28.83,
1783,和康生,70925,77,3015412,42.35,42.85,42.20,42.70,+,0.35,42.55,1,42.70,3,25.88,
1786,科妍,1563022,1814,208566582,129.50,136.00,128.50,132.00,+,3.50,131.50,28,132.00,6,42.17,
1789,神隆,437195,294,11201995,25.55,25.80,25.50,25.70,+,0.25,25.65,12,25.70,40,50.39,
1795,美時,2295341,4204,606738602,269.50,269.50,261.00,263.00,-,7.00,263.00,8,263.50,11,17.37,
1802,台玻,57401140,18347,1072147748,18.45,19.15,17.85,18.70,+,0.95,18.70,89,18.75,860,116.88,
1805,寶徠,528299,376,10782984,20.95,20.95,20.10,20.15,-,0.95,20.15,2,20.30,2,0.00,
1806,冠軍,2846305,1190,35000456,12.15,12.65,11.90,12.10,+,0.05,12.10,27,12.20,27,63.68,
1808,潤隆,3966262,2945,210092509,53.70,53.70,52.70,53.30,-,0.30,52.90,4,53.30,23,3.18,
1809,中釉,4984773,2971,114288323,23.00,23.70,22.20,22.30,-,0.55,22.25,34,22.30,25,202.73,
1810,和成,6249031,1892,122808000,19.25,20.00,19.15,19.40,+,0.30,19.40,37,19.45,61,176.36,
1817,凱撒衛,75742,239,3192553,42.55,42.55,41.95,42.20,-,0.35,42.00,3,42.25,5,10.00,
1903,士紙,118039,133,6711961,56.80,57.30,56.30,57.00,-,0.30,56.80,3,57.00,1,129.55,
1904,正隆,2882715,1497,71408459,25.20,25.25,24.50,24.65,-,0.20,24.60,32,24.65,1,26.51,
1905,華紙,5101212,2890,111685992,22.10,22.25,21.60,21.70,-,0.30,21.65,97,21.70,47,0.00,
1906,寶隆,37092,93,586377,15.90,15.90,15.70,15.90, ,0.00,15.70,5,15.90,5,113.57,
1907,永豐餘,2328776,1246,76834415,33.05,33.25,32.70,33.10,+,0.10,33.00,40,33.10,3,28.53,
1909,榮成,10066353,3577,147048382,14.70,14.80,14.45,14.65,+,0.10,14.60,58,14.65,246,244.17,
2002,中鋼,82827032,26459,1934465067,23.45,23.80,23.05,23.15,+,0.05,23.15,316,23.20,320,105.23,
2002A,中鋼特,31281,29,1331002,42.65,42.65,42.50,42.60, ,0.00,42.50,3,42.60,1,0.00,
2006,東和鋼鐵,2103547,1878,166059601,79.20,79.30,78.30,79.20,+,0.70,78.50,11,79.20,89,12.15,
2007,燁興,20368008,6680,240445563,11.70,12.30,11.30,11.50,+,0.30,11.50,178,11.55,3,0.00,
2008,高興昌,127839,124,4236217,33.30,33.95,32.65,32.75,-,0.80,32.75,6,32.85,2,81.88,
2009,第一銅,17482630,13210,834685739,49.00,49.55,46.60,46.60,-,2.15,46.60,99,46.65,33,166.43,
2010,春源,1362590,988,25236165,18.65,18.70,18.40,18.40,-,0.10,18.40,26,18.45,13,12.96,
2012,春雨,205849,186,5475081,26.60,26.80,26.40,26.55, ,0.00,26.40,6,26.55,2,19.67,
2013,中鋼構,102137,306,5613216,55.00,56.20,54.00,54.60,-,0.40,54.50,1,54.70,1,19.02,
2014,中鴻,112189894,38837,2530956617,22.15,23.30,21.70,22.55,+,1.10,22.50,119,22.55,122,0.00,
2015,豐興,375512,277,31874195,84.10,85.40,84.10,85.00,+,0.40,84.50,1,85.00,2,19.41,
2017,官田鋼,2185465,1190,29030021,13.80,13.80,13.05,13.10,-,0.15,13.10,85,13.15,3,42.26,
2020,美亞,796038,788,23920778,30.45,30.45,29.70,30.00,-,0.10,29.95,19,30.00,1,5.08,
2022,聚亨,10529618,4111,115134156,11.10,11.20,10.60,10.60,-,0.20,10.60,84,10.65,110,81.54,
2023,燁輝,10179358,4007,165159703,17.00,17.00,15.85,15.85,-,0.25,15.85,90,15.90,115,0.00,
2024,志聯,144215,145,3345797,23.55,24.40,22.10,22.20,-,0.75,22.20,1,22.45,1,0.00,
2025,千興,1015644,924,12003713,11.85,12.15,11.65,11.65,-,0.40,11.65,64,11.75,4,0.00,
2027,大成鋼,6652767,6931,233204982,35.65,35.65,34.65,34.65,-,0.85,34.65,126,34.70,8,20.03,
2028,威致,8010463,4499,224031769,28.30,28.90,27.05,27.50,+,0.80,27.45,1,27.50,33,26.70,
2029,盛餘,701766,451,18529424,26.45,26.60,26.20,26.50,+,0.50,26.45,6,26.50,3,11.94,
2030,彰源,10297036,5240,198511089,19.40,19.80,18.80,19.25,+,0.40,19.25,4,19.30,73,62.10,
2031,新光鋼,3111575,2078,189711134,61.00,61.70,60.40,60.40,-,0.20,60.30,22,60.40,1,6.53,
2032,新鋼,4887077,2348,84360097,17.50,18.00,16.60,17.10,+,0.30,17.10,6,17.20,1,55.16,
2033,佳大,494837,286,11441622,23.35,23.35,22.75,23.00, ,0.00,23.00,3,23.05,12,164.29,
2034,允強,431201,526,10544485,24.65,24.80,24.25,24.40,-,0.30,24.30,7,24.40,2,0.00,
2038,海光,17280733,8023,349892840,20.80,20.95,19.40,19.40,+,0.15,19.40,44,19.50,5,138.57,
2049,上銀,2395288,19043,520124385,217.50,222.00,214.00,214.00,-,6.50,214.00,3,214.50,1,38.98,
2059,川湖,1820573,6051,2050065140,1180.00,1195.00,1090.00,1100.00,-,105.00,1095.00,35,1100.00,9,23.96,
2062,橋椿,3618768,2599,148996884,40.90,41.90,40.65,40.75,-,0.15,40.75,8,40.80,5,13.27,
2069,運錩,1836116,1130,37133873,20.50,20.80,19.65,20.00,-,0.35,20.00,6,20.05,17,125.00,
2101,南港,1808252,1083,89026393,49.20,49.50,49.00,49.20,+,0.20,49.15,14,49.20,6,64.74,
2102,泰豐,247539,164,5463089,22.05,22.15,21.90,22.10,+,0.15,22.05,7,22.10,19,0.00,
2103,台橡,2535972,1164,60079210,23.55,23.80,23.55,23.80,+,0.35,23.70,10,23.80,132,20.34,
2104,國際中橡,1668374,701,27390068,16.30,16.50,16.30,16.50,+,0.20,16.45,1,16.50,17,0.00,
2105,正新,12775233,7130,654786771,49.65,52.80,49.45,51.80,+,2.45,51.80,80,52.00,35,20.72,
2106,建大,1607231,887,49497381,30.70,31.15,30.45,31.10,+,0.55,31.00,15,31.10,10,17.09,
2107,厚生,225855,275,5827259,25.75,25.85,25.75,25.80, ,0.00,25.75,4,25.80,6,14.02,
2108,南帝,357848,616,13470971,37.70,38.05,37.40,37.60,-,0.25,37.60,2,37.65,1,32.98,
2109,華豐,467590,271,8842871,18.95,19.10,18.85,18.90,-,0.15,18.90,3,19.05,8,10.62,
2114,鑫永銓,117451,145,11104446,95.50,95.50,93.60,94.00,-,2.40,93.90,2,94.00,6,16.55,
2115,六暉-KY,38327,31,1190715,31.10,31.30,30.80,31.30,+,0.10,31.15,1,31.30,1,19.94,
2201,裕隆,3905584,4131,234280889,60.10,60.80,59.20,60.00,-,0.10,59.90,3,60.00,2,14.25,
2204,中華,3127784,2937,230704805,73.40,74.70,72.20,73.80,+,0.80,73.80,12,74.00,16,8.04,
2206,三陽工業,1694172,3789,124548943,74.40,74.40,73.00,73.00,-,1.40,73.00,101,73.20,1,10.83,
2207,和泰車,328356,745,233775917,716.00,718.00,708.00,709.00,-,4.00,708.00,16,709.00,1,17.55,
2208,台船,1617861,923,28788094,17.95,17.95,17.65,17.65,-,0.25,17.65,45,17.70,30,0.00,
2211,長榮鋼,1063723,842,126417598,120.50,122.00,116.50,118.50,-,2.00,118.00,18,118.50,38,19.02,
2227,裕日車,95063,327,11782496,123.50,125.50,122.00,124.50,+,0.50,122.00,10,124.50,1,22.93,
2228,劍麟,1530689,1282,179818386,119.00,120.50,115.50,116.00,-,2.50,116.00,5,116.50,8,12.86,
2231,為升,367421,341,36515532,98.60,100.00,98.00,99.50,+,0.90,99.50,3,99.70,5,51.82,
2233,宇隆,646133,891,108229297,170.00,170.50,165.50,166.50,-,3.50,166.50,4,167.00,8,15.87,
2236,百達-KY,446018,370,47921576,110.00,111.00,104.50,107.00,-,2.50,106.50,7,107.00,6,55.73,
2239,英利-KY,322753,275,14861359,43.80,47.65,43.80,47.15,+,3.35,47.15,1,47.20,2,21.33,
2241,艾姆勒,2053572,1378,67660721,33.00,33.75,32.25,33.10, ,0.00,33.05,10,33.10,4,0.00,
2243,宏旭-KY,9110898,5127,256291481,27.60,28.80,27.50,28.45,+,2.20,28.40,30,28.45,7,0.00,
2247,汎德永業,72405,165,21072514,292.00,292.00,290.50,290.50,-,1.00,290.50,4,291.00,4,12.96,
2250,IKKA-KY,210915,263,21851641,102.50,106.00,102.00,102.00,-,0.50,102.00,16,102.50,3,15.77,
2254,巨鎧精密-創,10449,60,877020,86.50,86.50,85.50,85.50,-,1.50,85.50,2,86.10,10,0.00,
2258,鴻華先進-創,554400,289,25921900,47.35,47.35,46.00,46.20,-,0.95,46.20,18,46.25,10,0.00,
2301,光寶科,5663492,3706,567435430,100.50,101.00,99.50,99.50,-,0.50,99.50,20,99.60,7,16.92,
2302,麗正,196709,129,3570389,18.05,18.35,17.90,18.15,+,0.10,17.95,3,18.15,12,35.59,
2303,聯電,42157880,16556,2284601698,54.80,55.20,53.80,53.80,-,1.20,53.80,870,53.90,21,12.63,
2305,全友,422896,273,8854615,21.00,21.10,20.60,20.70,-,0.15,20.65,1,20.80,3,103.50,
2308,台達電,8858681,11650,3422312606,389.50,395.00,380.50,380.50,-,19.50,380.50,87,381.50,4,29.02,
2312,金寶,12857805,5948,280456858,21.45,22.30,21.30,21.70,-,0.05,21.70,166,21.75,159,25.53,
2313,華通,24659455,16423,1690001526,69.60,69.80,67.50,68.30,-,1.80,68.20,64,68.30,14,15.21,
2314,台揚,330444,370,9874505,29.90,30.15,29.60,29.95,-,0.05,29.80,2,29.95,1,0.00,
2316,楠梓電,7851833,5232,393067064,47.40,51.60,46.90,50.60,+,3.20,50.60,5,50.70,10,7.51,
2317,鴻海,64605410,76067,12219149922,190.00,191.00,187.50,187.50,-,3.50,187.50,218,188.00,450,16.95,
2321,東訊,2005,4,29121,14.80,14.80,14.25,14.25,-,0.15,14.35,1,14.90,2,0.00,
2323,中環,7571431,2105,93018880,12.45,12.45,12.20,12.20,-,0.35,12.15,571,12.20,39,16.27,
2324,仁寶,13409668,4307,448520617,33.60,33.75,33.30,33.30,-,0.20,33.30,247,33.35,6,16.16,
2327,國巨,2342237,4821,1465427217,629.00,633.00,622.00,623.00,-,12.00,622.00,41,623.00,47,13.28,
2328,廣宇,650701,681,23015396,35.50,35.60,35.20,35.25,-,0.15,35.20,8,35.25,8,16.87,
2329,華泰,2839053,1908,114361332,40.90,40.90,39.95,40.25,-,0.65,40.25,6,40.30,5,14.64,
2330,台積電,66874949,166934,65017701862,978.00,990.00,957.00,957.00,-,43.00,957.00,398,958.00,104,26.88,
2331,精英,954548,711,23981083,25.40,25.40,24.95,25.05,-,0.20,25.05,19,25.10,16,21.78,
2332,友訊,1226699,610,23668193,19.15,19.45,19.10,19.35,+,0.05,19.30,7,19.40,84,967.50,
2337,旺宏,5971326,4073,161370062,27.00,27.35,26.70,26.80,-,0.55,26.80,23,26.85,30,0.00,
2338,光罩,663393,1105,38764770,58.40,59.00,58.10,58.30,-,1.00,58.30,20,58.40,4,25.57,
2340,台亞,1165893,1352,43518669,37.70,37.85,37.05,37.15,-,0.55,37.15,4,37.20,16,530.71,
2342,茂矽,698224,594,23635433,34.00,34.00,33.45,34.00, ,0.00,33.90,1,34.00,1,0.00,
2344,華邦電,31467127,12044,675846173,21.20,21.75,21.15,21.35,-,0.10,21.35,129,21.40,283,118.61,
2345,智邦,3029800,2403,1620333951,530.00,545.00,528.00,532.00,-,10.00,531.00,26,532.00,4,31.39,
2347,聯強,5769358,3704,423352452,74.00,74.50,72.50,72.50,-,0.50,72.50,30,73.00,40,15.33,
2348,海悅,1164804,3432,203436417,178.50,178.50,173.00,175.50,-,3.00,175.00,13,175.50,10,9.49,
2348A,海悅甲特,19000,8,664650,34.90,35.00,34.90,35.00, ,0.00,34.70,2,35.00,3,0.00,
2349,錸德,13231824,4517,213275451,16.05,16.45,15.90,16.05,-,0.10,16.00,60,16.05,49,0.00,
2351,順德,5640152,4557,843225438,147.00,153.50,145.50,146.50,-,0.50,146.50,30,147.50,4,38.05,
2352,佳世達,4263772,2964,160480925,37.80,37.90,37.45,37.50,-,0.45,37.45,85,37.50,50,28.85,
2353,宏碁,15931372,8724,657405858,41.65,41.95,40.80,40.80,-,0.85,40.75,218,40.80,8,21.82,
2354,鴻準,4666113,3746,310253392,66.70,66.90,66.10,66.40,-,0.20,66.30,51,66.40,68,24.41,
2355,敬鵬,2045041,1367,84436636,41.60,41.75,41.10,41.10,-,0.65,41.10,71,41.15,5,13.39,
2356,英業達,20953594,9398,920061855,44.00,44.65,43.10,43.10,-,1.25,43.10,17,43.15,6,22.93,
2357,華碩,4070069,4965,2276121452,565.00,571.00,553.00,553.00,-,15.00,553.00,53,555.00,173,12.73,
2359,所羅門,3455109,5449,524920216,152.00,153.50,150.00,150.00,-,2.00,150.00,211,150.50,43,119.05,
2360,致茂,5540872,3020,2095589879,372.50,386.50,371.00,373.50, ,0.00,373.50,33,375.50,1,36.09,
2362,藍天,13667426,12833,836857738,62.10,62.70,60.00,60.80,-,1.60,60.70,23,60.80,10,21.18,
2363,矽統,41510673,32316,3004285280,70.00,74.60,69.60,71.00, ,0.00,71.00,290,71.10,16,0.00,
2364,倫飛,291501,452,29029862,99.50,100.50,98.50,99.50,+,0.30,99.50,2,99.60,2,25.71,
2365,昆盈,5173936,3474,276897890,53.30,54.30,52.60,54.00,+,0.20,53.90,63,54.00,70,120.00,
2367,燿華,6285160,3276,214810186,34.20,34.55,33.90,34.50,+,0.15,34.45,20,34.50,126,37.50,
2368,金像電,3126435,3379,623503936,202.50,203.00,197.00,198.00,-,6.00,197.50,83,198.00,28,19.20,
2369,菱生,754783,482,14421123,19.30,19.40,19.00,19.00,-,0.30,19.00,86,19.05,4,0.00,
2371,大同,9903650,4977,489554194,50.10,50.40,48.90,49.15,-,0.70,49.15,84,49.20,45,79.27,
2373,震旦行,34662,110,2390832,69.10,69.30,68.80,69.10,-,0.20,68.80,19,69.10,3,15.09,
2374,佳能,1976945,1777,93561135,47.90,48.10,46.95,47.00,-,0.50,47.00,4,47.05,9,23.38,
2375,凱美,132080,155,8852392,67.00,68.00,66.50,67.00,-,0.50,66.70,1,67.10,1,20.94,
2376,技嘉,4808570,21537,1258564504,264.00,266.00,258.50,258.50,-,7.50,258.00,172,258.50,33,21.03,
2377,微星,1954033,1553,340462144,174.00,175.50,173.00,174.00,+,0.50,174.00,409,174.50,88,19.12,
2379,瑞昱,2919981,3364,1400900108,488.00,489.50,471.00,471.00,-,23.00,471.00,11,472.00,1,19.69,
2380,虹光,107355,139,692126,6.47,6.47,6.42,6.46,+,0.04,6.46,6,6.47,9,0.00,
2382,廣達,33524424,46141,9001990188,272.00,273.00,264.00,264.00,-,13.00,264.00,583,265.00,24,20.25,
2383,台光電,5384339,8659,2443597309,466.50,466.50,445.00,447.00,-,21.00,446.50,32,447.00,29,18.29,
2385,群光,3394488,3172,561983483,167.50,168.00,164.00,164.00,-,2.50,164.00,179,164.50,1,14.17,
2387,精元,684417,400,38408545,56.60,56.60,55.90,55.90,-,0.60,55.90,3,56.00,5,8.28,
2388,威盛,16213347,9990,2126405948,130.50,135.00,128.00,131.00,+,0.50,131.00,181,131.50,117,122.43,
2390,云辰,380989,292,5153654,13.70,13.70,13.40,13.60,-,0.05,13.50,10,13.60,3,0.00,
2392,正崴,2411268,2261,155779882,65.30,65.60,64.00,64.30,-,1.50,64.20,18,64.30,24,15.06,
2393,億光,1964278,1685,150342618,77.40,77.90,75.80,76.00,-,1.40,75.90,21,76.00,49,16.00,
2395,研華,1900123,2533,617478931,324.00,331.50,321.50,321.50,-,16.50,321.00,31,321.50,88,30.91,
2397,友通,241193,495,18653409,77.30,78.20,76.40,76.90,-,1.90,76.80,1,77.20,1,33.43,
2399,映泰,11510561,5614,346750550,30.15,30.70,29.70,30.10,-,0.45,30.05,35,30.10,7,0.00,
2401,凌陽,2085956,1535,66337106,31.90,32.20,31.45,31.65,-,0.25,31.60,7,31.70,16,0.00,
2402,毅嘉,4115675,3059,170908588,41.75,42.20,41.15,41.25,-,0.80,41.25,18,41.35,4,21.60,
2404,漢唐,600714,1061,192993883,323.50,324.00,319.00,319.00,-,4.50,319.00,16,319.50,2,12.58,
2405,輔信,1674796,791,33467941,20.05,20.20,19.85,19.90,-,0.15,19.90,167,19.95,26,221.11,
2406,國碩,2137402,1343,43152417,20.35,20.60,19.95,20.10,-,0.20,20.05,2,20.15,15,0.00,
2408,南亞科,11981501,6059,572196469,47.70,48.30,47.30,47.35,-,0.80,47.30,242,47.35,20,0.00,
2409,友達,23257416,6220,399494082,17.15,17.40,17.05,17.05,-,0.15,17.05,110,17.10,268,0.00,
2412,中華電,7992842,4633,1008613522,126.50,127.00,125.50,125.50,-,1.00,125.50,486,126.00,24,26.65,
2413,環科,62333,65,1307835,21.00,21.10,20.90,21.05,+,0.10,20.95,10,21.05,14,131.56,
2414,精技,71953,82,2562566,35.75,35.75,35.45,35.75, ,0.00,35.60,12,35.75,11,15.34,
2415,錩新,1595071,1292,47979550,30.75,30.75,29.00,30.10,-,1.20,30.10,1,30.25,11,50.17,
2417,圓剛,1116708,1311,50018438,45.50,45.80,44.35,44.50,-,1.10,44.50,18,44.55,4,0.00,
2419,仲琦,517721,444,16033495,31.25,31.25,30.70,30.85,-,0.40,30.80,3,30.85,2,0.00,
2420,新巨,2355307,2230,177972339,73.50,77.70,73.00,75.80,+,2.30,75.70,4,75.80,9,18.76,
2421,建準,1513385,2691,141978688,96.40,96.40,92.40,92.40,-,3.60,92.40,19,92.50,7,19.01,
2423,固緯,287969,255,11277597,39.15,39.70,38.80,39.20,+,0.05,39.05,4,39.20,3,14.05,
2424,隴華,76329,83,4643003,64.00,64.00,59.20,59.80,-,3.00,59.30,1,59.80,5,0.00,
2425,承啟,1660373,1311,72054530,44.10,44.20,43.05,43.20,-,0.90,43.15,15,43.20,1,38.23,
2426,鼎元,1915183,1229,44029279,23.35,23.35,22.80,22.85,-,0.70,22.85,110,22.90,23,91.40,
2427,三商電,320481,241,8382964,26.35,26.35,26.10,26.15,-,0.20,26.10,18,26.15,7,17.55,
2428,興勤,252083,1925,44094973,176.50,178.00,173.00,174.00,-,4.50,173.50,20,174.00,1,15.20,
2429,銘旺科,386367,322,11480771,29.60,30.45,29.30,29.30, ,0.00,29.30,24,29.45,5,0.00,
2430,燦坤,29408,120,993213,33.90,33.90,33.70,33.80,-,0.15,33.75,2,33.80,5,18.47,
2431,聯昌,249068,149,3299048,13.30,13.40,13.10,13.30,+,0.05,13.25,3,13.35,10,0.00,
2432,倚天酷碁-創,3000,3,104300,34.75,34.80,34.75,34.75, ,0.00,34.75,2,35.00,2,16.79,
2433,互盛電,9670,22,490500,50.80,50.90,50.40,50.80, ,0.00,50.40,7,50.80,2,15.26,
2434,統懋,8125,25,261109,32.00,32.50,32.00,32.35,-,0.35,32.35,4,32.55,1,115.54,
2436,偉詮電,5028924,4442,322343275,65.00,65.80,62.70,63.30,-,1.50,63.20,12,63.30,8,40.06,
2438,翔耀,246567,315,11664188,48.10,48.25,46.85,47.10,-,1.45,47.10,3,47.30,2,0.00,
2439,美律,2295828,2846,301992826,131.00,133.50,130.00,130.00,-,2.00,130.00,43,130.50,17,17.47,
2440,太空梭,188728,117,2752203,14.90,14.90,14.50,14.65,-,0.20,14.55,1,14.65,6,0.00,
2441,超豐,380986,406,22338708,59.00,59.00,58.40,58.50,-,0.90,58.40,32,58.50,6,14.52,
2442,新美齊,1087783,652,30025351,27.80,27.90,27.35,27.45,-,0.35,27.45,6,27.50,9,13.07,
2444,兆勁,693495,291,10126017,14.35,14.95,14.20,14.70,+,0.35,14.60,1,14.70,21,122.50,
2449,京元電子,18055779,10365,2072208700,117.00,117.00,112.50,112.50,-,5.00,112.50,224,113.00,73,21.55,
2450,神腦,37041,47,1327159,36.10,36.10,35.70,35.85,-,0.25,35.85,1,35.90,6,16.30,
2451,創見,1634115,1330,166975843,102.00,103.50,100.00,103.00, ,0.00,102.50,15,103.00,18,15.40,
2453,凌群,163670,185,8834926,53.90,54.50,53.70,54.00,-,0.60,53.90,2,54.00,5,18.06,
2454,聯發科,8944466,21604,10742053380,1235.00,1235.00,1175.00,1175.00,-,85.00,1175.00,16,1180.00,1,18.45,
2455,全新,10034305,7991,1679232366,165.50,171.00,164.00,166.00,-,0.50,166.00,61,166.50,58,42.24,
2457,飛宏,1478175,1739,61338606,41.40,42.20,40.85,40.85,-,0.50,40.85,4,40.95,1,83.37,
2458,義隆,2301581,1024,331226557,144.50,146.00,142.50,142.50,-,2.50,142.50,22,143.50,1,14.77,
2459,敦吉,24001,41,1711313,71.40,71.50,71.00,71.40, ,0.00,71.00,3,71.50,31,11.80,
2460,建通,134548,109,3989687,29.95,30.10,29.40,29.70,-,0.40,29.50,1,29.70,1,0.00,
2461,光群雷,189861,155,4239464,22.45,22.45,22.25,22.45, ,0.00,22.30,2,22.45,8,13.86,
2462,良得電,121574,117,3855360,31.85,31.85,31.60,31.75,-,0.10,31.70,1,31.80,4,14.11,
2464,盟立,6639435,5382,538397399,82.40,82.40,80.40,80.80,-,1.90,80.80,52,80.90,28,89.78,
2465,麗臺,267347,307,23822782,89.00,90.10,88.60,89.20,-,0.40,89.00,2,89.20,3,0.00,
2466,冠西電,19143,25,689696,36.45,36.85,35.60,36.05,-,0.25,35.35,1,36.50,3,0.00,
2467,志聖,1804885,5138,383974962,212.00,217.00,209.50,212.00,-,1.00,212.00,45,212.50,7,49.77,
2468,華經,126228,98,2930169,23.70,23.70,22.90,23.30,-,0.25,23.25,1,23.35,5,23.30,
2471,資通,46733,75,2318811,49.70,49.90,49.30,49.35,-,0.30,49.30,1,49.35,1,17.38,
2472,立隆電,371005,660,28035304,75.90,76.30,75.10,75.20,-,0.70,75.20,7,75.30,1,11.46,
2474,可成,1425037,1483,338441935,236.50,240.00,235.00,236.50,+,1.50,236.50,4,237.00,1,13.64,
2476,鉅祥,1512072,1258,138956843,93.10,93.30,90.80,91.00,-,1.90,90.90,21,91.00,86,20.82,
2477,美隆電,1417602,1031,42889280,30.65,30.70,29.85,30.00,-,0.35,30.00,28,30.05,2,26.79,
2478,大毅,182627,243,9629210,52.50,53.30,52.50,52.90,+,0.20,52.60,1,52.90,1,18.43,
2480,敦陽科,91916,184,11376483,124.00,124.50,123.50,124.50, ,0.00,124.00,5,124.50,17,16.80,
2481,強茂,1881054,1517,109967800,58.80,59.20,58.10,58.10,-,0.70,58.10,99,58.20,20,26.17,
2482,連宇,238047,175,7322359,31.10,31.15,30.40,30.85,-,0.25,30.85,2,30.95,3,40.59,
2483,百容,44210,44,1052369,23.85,23.95,23.70,23.85,+,0.05,23.75,3,23.85,2,68.14,
2484,希華,217124,178,6443846,29.80,29.85,29.50,29.70,-,0.05,29.65,11,29.70,4,25.60,
2485,兆赫,606846,607,10822362,18.05,18.05,17.60,17.85,-,0.20,17.80,32,17.85,2,0.00,
2486,一詮,14403514,9179,1465344231,99.30,104.00,99.00,100.00, ,0.00,100.00,378,100.50,144,196.08,
2488,漢平,187862,201,9070995,48.20,48.60,48.05,48.45,+,0.05,48.40,2,48.45,3,9.85,
2489,瑞軒,8041468,6409,176060944,22.00,22.10,21.70,22.00,X,0.00,21.95,6,22.00,43,16.92,
2491,吉祥全,49192,56,678688,13.75,14.00,13.70,13.80,-,0.25,13.75,3,13.80,1,34.50,
2492,華新科,846165,844,91833964,109.50,110.00,107.50,108.00,-,1.50,107.50,27,108.00,28,21.09,
2493,揚博,112813,311,9919144,88.30,88.80,87.50,87.50,-,1.40,87.50,10,87.80,1,14.37,
2495,普安,3705737,2618,127158371,34.55,35.10,33.80,34.25,-,0.65,34.25,3,34.30,8,21.68,
2496,卓越,42694,146,3217523,75.80,75.80,75.20,75.30,-,0.50,75.20,4,75.50,2,11.82,
2497,怡利電,7577133,6819,659747233,84.50,88.50,84.30,87.60,+,2.30,87.50,12,87.60,86,36.50,
2498,宏達電,22131869,12760,1049002070,45.45,48.55,45.05,47.35,+,2.10,47.30,67,47.35,227,0.00,
2501,國建,1322624,822,33581325,25.50,25.60,25.20,25.45,-,0.10,25.40,13,25.45,5,11.84,
2504,國產,4515545,2509,234625334,52.40,52.40,51.30,52.30,-,0.10,52.20,1,52.30,116,13.08,
2505,國揚,140005,148,3258573,23.45,23.55,23.10,23.25,-,0.20,23.20,1,23.30,9,32.75,
2506,太設,181556,139,2038633,11.25,11.35,11.15,11.25, ,0.00,11.20,32,11.25,17,0.00,
2509,全坤建,173071,194,3436021,19.75,20.05,19.60,20.00,-,0.10,19.95,3,20.00,1,0.00,
2511,太子,754401,276,8150683,10.80,10.85,10.70,10.85,+,0.05,10.85,7,10.90,245,51.67,
2514,龍邦,277983,220,5601333,20.05,20.25,20.05,20.10,-,0.10,20.10,10,20.20,2,5.79,
2515,中工,7359773,2080,90286808,12.45,12.45,12.20,12.20,-,0.20,12.20,747,12.25,417,30.50,
2516,新建,560877,125,6655428,11.85,12.20,11.80,11.95,-,0.05,11.85,69,11.95,78,22.98,
2520,冠德,2562692,1765,125003109,48.50,49.20,48.35,48.60,+,0.15,48.55,16,48.75,3,5.42,
2524,京城,2652309,1979,257974782,97.00,99.50,96.10,97.20,-,1.10,97.10,2,97.20,22,37.97,
2527,宏璟,151465,253,5182650,34.15,34.55,34.00,34.20,-,0.40,34.10,1,34.30,3,13.36,
2528,皇普,347347,267,13887450,40.05,40.30,39.70,40.00,-,0.15,40.00,13,40.05,2,0.00,
2530,華建,1221220,478,48269582,39.50,39.90,39.30,39.40,-,0.50,39.40,31,39.50,2,26.44,
2534,宏盛,591570,367,15181613,25.45,26.00,25.35,25.70,+,0.15,25.70,5,25.75,56,55.87,
2535,達欣工,350896,273,17693890,50.30,50.60,50.30,50.30, ,0.00,50.30,52,50.40,16,10.66,
2536,宏普,70768,56,2205185,31.10,31.30,31.05,31.15,+,0.05,31.10,1,31.20,1,23.07,
2537,聯上發,1370226,745,23444763,17.30,17.30,17.00,17.00,-,0.25,17.00,82,17.10,4,35.42,
2538,基泰,760153,416,13149866,17.65,17.65,17.05,17.20,-,0.45,17.20,23,17.25,3,0.00,
2539,櫻花建,972385,1067,48633456,50.50,50.70,49.65,49.80,-,0.60,49.75,2,49.80,9,22.04,
2540,愛山林,2292099,2154,246250139,108.50,110.00,106.00,108.00,-,1.50,107.50,2,108.00,8,20.30,
2542,興富發,3922218,3209,177724363,45.65,45.65,45.10,45.10,-,0.50,45.10,77,45.15,12,38.55,
2543,皇昌,11613670,9251,960535017,80.00,84.90,79.40,82.50,+,1.90,82.50,41,82.60,26,19.41,
2545,皇翔,926506,912,54481659,57.70,59.40,57.60,59.40,+,1.50,59.40,141,59.50,50,8.23,
2546,根基,212916,291,15810410,74.40,74.80,73.80,74.30,-,0.10,74.20,1,74.30,11,12.55,
2547,日勝生,974153,363,10074955,10.40,10.40,10.25,10.35,-,0.05,10.35,53,10.40,20,0.00,
2548,華固,1415515,1119,189216035,135.00,135.00,132.50,133.00,-,1.00,133.00,19,133.50,8,17.57,
2597,潤弘,288326,346,42323835,146.50,148.00,145.50,146.50,+,0.50,146.00,6,146.50,1,11.62,
2601,益航,10919463,3665,87856478,7.93,8.20,7.75,8.06,+,0.31,8.05,11,8.06,33,0.00,
2603,長榮,37155844,24483,7541002336,210.00,210.00,198.50,201.00,-,11.00,200.50,145,201.00,64,5.96,
2605,新興,77943660,32166,2377482256,30.75,31.40,29.85,29.90,-,0.25,29.90,11,29.95,56,13.78,
2606,裕民,21931766,14045,1237140822,56.70,57.30,55.60,55.80,+,0.20,55.80,33,56.00,21,12.26,
2607,榮運,810528,596,25298583,31.25,31.45,31.00,31.05,-,0.10,31.05,6,31.10,7,13.99,
2608,嘉里大榮,136892,188,5458264,40.10,40.15,39.75,39.75,-,0.30,39.75,14,40.00,10,16.56,
2609,陽明,96188483,74220,6717402799,72.90,72.90,68.20,69.00,-,3.90,68.90,340,69.00,70,9.73,
2610,華航,15369250,4913,332310783,21.80,21.90,21.45,21.50,-,0.25,21.45,873,21.50,45,14.83,
2611,志信,1925293,1339,47286086,25.20,25.25,24.10,24.10,-,0.90,24.10,78,24.25,1,6.71,
2612,中航,6347553,4859,311348412,47.20,51.00,46.80,48.55,+,2.15,48.50,1,48.55,56,23.01,
2613,中櫃,4742763,3105,176267946,38.25,38.45,36.20,36.65,-,1.80,36.60,14,36.65,2,32.15,
2614,東森,267037,480,5202917,19.50,19.65,19.35,19.40,-,0.10,19.35,23,19.40,11,0.00,
2615,萬海,82217184,67110,8270786297,107.00,107.50,96.90,98.00,-,9.50,97.90,77,98.00,180,18.53,
2616,山隆,248416,399,5315666,20.80,21.75,20.80,21.50,+,0.70,21.40,30,21.55,3,268.75,
2617,台航,3912968,2415,130065106,33.65,33.90,32.60,32.60,-,0.25,32.60,68,32.70,32,7.04,
2618,長榮航,41105689,12831,1548259352,37.50,38.00,37.40,37.50, ,0.00,37.45,106,37.50,319,8.56,
2630,亞航,853131,771,29461174,34.50,35.65,34.10,34.40,-,0.25,34.40,3,34.55,1,44.10,
2633,台灣高鐵,3439655,1417,102078135,29.75,29.80,29.60,29.60,-,0.10,29.60,120,29.70,13,21.45,
2634,漢翔,3306012,2495,160193269,48.95,49.10,48.20,48.20,-,0.45,48.20,74,48.25,4,19.67,
2636,台驊控股,783527,910,70104491,91.20,91.20,88.60,88.90,-,2.00,88.90,1,89.00,2,9.00,
2637,慧洋-KY,20480263,17280,1577798174,77.90,79.00,75.90,76.30,-,0.10,76.30,130,76.40,42,11.22,
2642,宅配通,53098,140,1846711,34.50,34.95,34.50,34.95,+,0.45,34.95,1,35.00,5,43.15,
2645,長榮航太,372913,393,36497962,98.50,98.60,97.40,97.70,-,0.80,97.70,2,98.00,4,19.16,
2701,萬企,59024,42,749554,12.65,12.75,12.65,12.75, ,0.00,12.70,13,12.75,15,21.61,
2702,華園,71284,259,1276256,17.80,17.95,17.80,17.85, ,0.00,17.80,15,17.85,6,24.79,
2704,國賓,68469,117,4273112,62.80,62.90,62.20,62.30,-,0.40,62.20,11,62.40,4,16.79,
2705,六福,489798,521,8708826,17.95,17.95,17.70,17.80,-,0.15,17.75,6,17.80,17,0.00,
2706,第一店,45111,116,677626,15.00,15.05,14.95,15.05,+,0.05,14.95,16,15.05,133,23.52,
2707,晶華,99641,831,20299568,203.50,205.00,202.50,203.00,-,2.00,202.50,3,203.00,2,18.08,
2712,遠雄來,10201,12,270453,26.55,26.55,26.35,26.55,-,0.05,26.25,1,26.55,3,0.00,
2722,夏都,71088,200,3038051,43.30,43.30,42.50,42.50,-,0.85,42.50,3,42.55,1,85.00,
2723,美食-KY,1689516,1655,153923828,91.00,92.00,89.70,90.60,+,1.10,90.60,11,90.80,2,33.81,
2727,王品,327728,735,72503858,222.00,223.50,220.00,221.00,-,1.00,220.50,54,221.00,1,13.96,
2731,雄獅,437890,493,57346674,132.00,132.00,130.50,130.50,-,1.50,130.50,20,131.00,1,7.19,
2739,寒舍,269695,347,15379116,57.50,58.00,56.20,56.60,-,0.50,56.50,6,56.70,2,7.08,
2748,雲品,257588,345,15856380,62.10,62.30,60.80,61.60, ,0.00,61.60,2,61.70,9,19.07,
2753,八方雲集,55890,143,8357217,150.00,150.00,149.00,150.00, ,0.00,149.50,2,150.00,14,17.38,
2762,世界健身-KY,75195,390,6895238,92.50,92.50,91.50,91.80,+,0.20,91.40,2,91.90,1,29.14,
2801,彰銀,9276132,2406,165908993,17.85,17.95,17.80,17.90,+,0.05,17.85,47,17.90,1177,14.44,
2809,京城銀,2563595,1547,144365792,56.40,57.10,55.70,56.00,-,0.20,55.90,46,56.00,27,8.78,
2812,台中銀,3138317,1654,57734791,18.50,18.50,18.30,18.40,-,0.05,18.35,28,18.40,198,11.95,
2816,旺旺保,228693,149,7521223,32.95,33.05,32.70,32.95, ,0.00,32.75,6,32.95,8,6.49,
2820,華票,999738,278,14977412,15.00,15.05,14.95,15.00, ,0.00,14.95,106,15.00,1,16.85,
2832,台產,140532,166,3966753,28.10,28.40,28.05,28.40,+,0.20,28.35,5,28.40,15,9.02,
2834,臺企銀,14197198,4308,226504803,16.00,16.00,15.90,15.95, ,0.00,15.90,758,15.95,573,12.36,
2836,高雄銀,1006231,621,12003358,11.90,12.00,11.90,11.95, ,0.00,11.95,9,12.00,189,24.90,
2836A,高雄銀甲特,20000,11,425150,21.30,21.35,21.15,21.35,+,0.25,21.30,1,21.35,7,0.00,
2838,聯邦銀,884845,457,13673403,15.45,15.50,15.40,15.50, ,0.00,15.45,1,15.50,87,13.36,
2838A,聯邦銀甲特,55050,6,2879325,52.30,52.40,52.30,52.40, ,0.00,52.30,10,52.40,11,0.00,
2845,遠東銀,7045112,1794,98706223,14.10,14.15,13.90,13.90,-,0.10,13.90,564,13.95,70,12.41,
2849,安泰銀,86452,46,1320200,15.25,15.30,15.15,15.30, ,0.00,15.15,15,15.30,44,17.79,
2850,新產,122660,480,11488926,93.40,94.00,93.30,93.90,+,0.10,93.30,3,93.90,19,8.65,
2851,中再保,1572782,651,40993292,25.85,26.15,25.75,26.00,+,0.15,26.00,114,26.05,22,7.47,
2852,第一保,178582,124,4048571,22.60,22.70,22.55,22.70, ,0.00,22.65,18,22.75,22,7.77,
2855,統一證,1472137,814,39594580,26.85,27.05,26.70,27.00,+,0.15,26.85,9,27.00,223,9.09,
2867,三商壽,9723560,2511,73519718,7.60,7.62,7.52,7.57,-,0.02,7.56,12,7.57,20,27.04,
2880,華南金,11822295,4304,305116337,25.95,26.10,25.70,25.70,-,0.10,25.70,913,25.75,94,15.67,
2881,富邦金,24739995,10046,2246851677,91.40,91.60,90.40,90.40,-,0.90,90.30,894,90.40,46,12.66,
2881A,富邦特,59146,31,3659807,61.90,61.90,61.80,61.90, ,0.00,61.80,27,61.90,65,0.00,
2881B,富邦金乙特,64103,23,3839758,59.80,60.00,59.80,60.00,+,0.10,59.80,30,59.90,5,0.00,
2881C,富邦金丙特,18756,48,981553,52.30,52.40,52.30,52.30, ,0.00,52.30,41,52.40,30,0.00,
2882,國泰金,30098333,15417,2012183324,67.40,67.70,66.50,66.50,-,1.00,66.50,350,66.80,3,11.94,
2882A,國泰特,86915,76,5250684,60.50,60.50,60.30,60.50,+,0.20,60.40,1,60.50,104,0.00,
2882B,國泰金乙特,109154,48,6276246,57.50,57.70,57.40,57.70,+,0.10,57.40,56,57.60,5,0.00,
2883,開發金,41706009,7332,687881590,16.40,16.60,16.40,16.50,+,0.10,16.45,1025,16.50,1338,11.79,
2883B,開發金乙特,950505,172,7118130,7.48,7.50,7.48,7.50,+,0.01,7.49,289,7.50,579,0.00,
2884,玉山金,20106607,8225,566543418,28.40,28.45,28.05,28.05,-,0.25,28.05,682,28.20,1,18.45,
2885,元大金,17817635,4904,566326567,32.00,32.00,31.70,31.70,-,0.05,31.70,1661,31.75,98,13.72,
2886,兆豐金,14715996,6063,580733074,39.65,39.75,39.30,39.30,-,0.15,39.30,64,39.40,9,16.24,
2887,台新金,47574377,7467,875665136,18.40,18.50,18.30,18.40, ,0.00,18.40,963,18.45,704,15.33,
2887E,台新戊特,111036,98,5676219,51.20,51.20,51.00,51.20, ,0.00,51.10,29,51.20,38,0.00,
2887F,台新戊特二,7005,9,323277,46.15,46.15,46.15,46.15,+,0.05,46.10,5,46.20,2,0.00,
2887Z1,台新己特,3240,8,52111,16.05,16.10,16.05,16.10,+,0.05,16.10,9,16.35,9,0.00,
2888,新光金,135348323,9015,1625359625,12.00,12.05,11.95,12.05,+,0.05,12.00,23544,12.05,22760,9.80,
2888A,新光金甲特,112619,44,4064784,36.10,36.15,36.05,36.10,-,0.10,36.10,30,36.15,8,0.00,
2888B,新光金乙特,51893,43,1874937,36.10,36.15,36.10,36.10,-,0.05,36.10,29,36.15,11,0.00,
2889,國票金,8467976,1996,128184951,15.10,15.25,15.00,15.15,-,0.05,15.10,52,15.15,187,24.84,
2890,永豐金,23487825,6484,570665812,24.25,24.55,24.05,24.25,+,0.25,24.25,5,24.30,137,13.70,
2891,中信金,69208596,15651,2390176807,34.55,34.85,34.40,34.40,-,0.20,34.40,1233,34.45,41,10.75,
2891B,中信金乙特,26854,25,1622006,60.40,60.50,60.30,60.50,+,0.10,60.20,8,60.50,6,0.00,
2891C,中信金丙特,99041,21,5606116,56.60,56.70,56.60,56.70, ,0.00,56.60,5,56.70,17,0.00,
2892,第一金,16448075,5889,452861777,27.75,27.80,27.40,27.40,-,0.40,27.40,161,27.45,132,16.21,
2897,王道銀行,1885967,400,18961666,10.05,10.10,10.05,10.05, ,0.00,10.05,470,10.10,1825,11.55,
2897A,王道銀甲特,262307,40,2688645,10.25,10.25,10.25,10.25, ,0.00,10.25,1089,10.30,221,0.00,
2897B,王道銀乙特,1677572,794,19343476,11.65,11.75,11.35,11.60,X,0.00,11.60,84,11.70,36,0.00,
2901,欣欣,28394,53,791907,27.75,28.10,27.75,27.95,+,0.30,27.50,1,28.05,3,62.11,
2903,遠百,1384095,985,37744281,27.45,27.60,27.05,27.15,-,0.30,27.15,12,27.25,7,16.26,
2904,匯僑,14087,22,261457,18.50,18.60,18.50,18.60,+,0.10,18.55,2,18.65,9,21.14,
2905,三商,2568818,1521,46792587,18.60,18.60,18.00,18.05,-,0.55,18.05,39,18.10,9,19.00,
2906,高林,117922,108,2242708,19.25,19.25,18.90,19.05,-,0.20,19.00,1,19.05,2,30.73,
2908,特力,373747,78,7701153,20.65,20.65,20.55,20.65, ,0.00,20.60,3,20.65,27,40.49,
2910,統領,111000,12,3063000,27.80,27.80,27.45,27.60,-,0.20,27.35,3,27.60,1,22.44,
2911,麗嬰房,162208,212,1476408,9.06,9.16,9.00,9.14,+,0.10,9.11,10,9.14,51,0.00,
2912,統一超,1590592,1997,471843263,300.00,301.00,295.00,295.00,-,3.00,295.00,16,297.00,7,26.58,
2913,農林,4140634,1741,94010341,23.00,23.05,22.45,22.60,-,0.30,22.55,59,22.60,46,0.00,
2915,潤泰全,2702099,1672,211508612,78.20,79.20,77.70,78.00,-,0.30,78.00,22,78.20,1,7.49,
2923,鼎固-KY,256196,283,10183358,40.45,40.55,37.90,39.75,+,2.85,39.75,14,39.80,19,92.44,
2929,淘帝-KY,5471854,1843,59181572,10.35,11.05,10.20,11.05,+,1.00,11.05,12360,0,0,0.00,
2939,永邑-KY,68010,42,2209422,33.00,33.00,32.15,32.65,-,0.35,32.65,2,32.70,1,0.00,
2945,三商家購,10129,30,419475,41.60,41.60,41.25,41.35,-,0.25,41.35,1,42.00,1,21.54,
3002,歐格,63559,56,992093,15.75,15.80,15.50,15.60, ,0.00,15.50,14,15.60,1,70.91,
3003,健和興,1292126,1687,114166364,90.00,90.00,87.80,88.00,-,2.00,88.00,20,88.10,3,23.72,
3004,豐達科,48621,55,4521207,93.30,93.40,92.70,92.90, ,0.00,92.90,2,93.00,1,13.31,
3005,神基,2218742,2042,249277501,112.50,113.50,111.00,111.50,-,0.50,111.00,153,111.50,44,16.18,
3006,晶豪科,1631084,1404,119154693,72.90,73.80,72.20,72.70,-,1.30,72.70,8,72.80,16,0.00,
3008,大立光,1441801,7552,3674401300,2575.00,2575.00,2525.00,2540.00,-,70.00,2540.00,6,2545.00,3,15.75,
3010,華立,595453,785,76661029,129.00,130.00,127.50,128.50,-,1.50,128.00,6,128.50,12,15.50,
3011,今皓,387656,268,10860592,28.10,28.30,27.70,27.95, ,0.00,27.85,2,27.95,7,0.00,
3013,晟銘電,28048703,17112,3835661859,138.50,140.50,133.00,135.00,-,2.00,134.50,261,135.00,258,65.22,
3014,聯陽,841759,719,119711094,142.00,144.00,141.00,141.00,-,1.00,141.00,24,141.50,1,14.13,
3015,全漢,223071,300,13426633,60.90,61.00,59.80,59.80,-,1.20,59.80,1,60.00,6,19.04,
3016,嘉晶,204735,237,12359948,60.90,60.90,60.00,60.40,-,0.50,60.40,1,60.50,1,62.92,
3017,奇鋐,11149278,16044,6722629146,619.00,623.00,590.00,590.00,-,34.00,590.00,93,591.00,1,34.22,
3018,隆銘綠能,53112,56,1582753,29.60,30.00,29.60,29.70,-,0.20,29.65,1,30.00,2,0.00,
3019,亞光,8674782,6485,998761075,114.00,116.50,113.00,114.00,-,1.00,114.00,161,114.50,16,31.32,
3021,鴻名,900987,749,27686296,30.20,31.90,30.15,30.40,-,0.20,30.40,4,30.50,2,25.33,
3022,威強電,511286,551,39298965,78.00,78.00,76.20,76.20,-,1.80,76.20,20,76.30,3,9.73,
3023,信邦,393127,1624,118409619,302.00,305.50,298.50,300.50,-,4.00,299.00,11,300.50,2,21.70,
3024,憶聲,764626,405,14584238,19.10,19.20,19.00,19.05,-,0.10,19.05,17,19.10,32,48.85,
3025,星通,583701,628,37965627,65.50,65.90,64.10,64.70,-,0.60,64.70,30,64.80,6,18.81,
3026,禾伸堂,66986,105,6107487,91.50,91.50,90.80,91.30,-,0.20,90.70,1,91.40,7,21.58,
3027,盛達,223833,206,8012314,35.70,36.30,35.30,35.50,-,0.20,35.45,1,35.55,1,56.35,
3028,增你強,210861,237,6594603,31.35,31.35,31.20,31.25,-,0.10,31.25,30,31.30,8,17.96,
3029,零壹,1152664,1491,103444320,90.70,90.70,89.00,89.00,-,1.80,89.00,35,89.10,1,18.20,
3030,德律,1005120,1089,142909501,144.50,145.00,140.00,141.50,-,3.00,141.00,34,141.50,9,23.12,
3031,佰鴻,506468,346,10708371,20.80,21.45,20.70,21.10,+,0.30,21.10,7,21.15,8,17.58,
3032,偉訓,428675,417,29315570,68.80,69.50,67.90,67.90,-,1.10,67.90,11,68.00,2,11.09,
3033,威健,1734853,1770,60274085,34.95,35.05,34.50,34.55,-,0.30,34.55,7,34.60,15,15.42,
3034,聯詠,2752303,2973,1426534937,515.00,523.00,513.00,518.00,+,8.00,517.00,4,518.00,45,14.34,
3035,智原,3851019,3721,1032628526,265.00,272.50,263.50,266.00,-,2.00,266.00,5,266.50,43,57.08,
3036,文曄,2539267,2010,273891046,107.00,110.50,105.50,105.50,-,2.00,105.50,31,106.00,29,21.75,
3036A,文曄甲特,55027,24,2661251,48.40,48.40,48.35,48.35,-,0.05,48.35,11,48.40,12,0.00,
3037,欣興,18645012,12706,2724222906,147.00,149.50,144.00,144.00,-,5.00,144.00,173,144.50,250,23.04,
3038,全台,253791,260,6675536,26.35,26.50,26.15,26.30,-,0.10,26.20,1,26.30,1,9.67,
3040,遠見,578906,731,27160055,46.00,47.60,46.00,47.60,+,1.60,47.50,3,47.60,5,46.67,
3041,揚智,4498718,2856,104171613,22.50,23.85,22.45,23.10,-,0.55,23.05,88,23.10,33,0.00,
3042,晶技,1603371,910,174786408,107.50,110.00,107.50,109.00, ,0.00,109.00,117,109.50,47,16.39,
3043,科風,102551,142,3353537,33.40,33.40,32.40,32.65,-,0.40,32.60,1,32.65,7,0.00,
3044,健鼎,1391507,1319,277863846,201.00,202.50,196.50,196.50,-,3.50,196.50,56,197.00,17,13.28,
3045,台灣大,6624469,2237,764632708,116.50,116.50,115.00,115.00,-,1.50,115.00,243,115.50,316,27.32,
3046,建碁,135290,300,8152530,60.90,60.90,59.90,60.00,-,0.90,60.00,2,60.20,2,17.09,
3047,訊舟,5177119,3013,193267264,37.50,37.70,37.10,37.40,-,0.30,37.35,6,37.40,1,0.00,
3048,益登,884470,780,33156802,37.80,37.90,37.15,37.35,-,0.50,37.35,3,37.40,1,86.86,
3049,精金,9854983,3087,106928080,10.70,11.15,10.45,10.70, ,0.00,10.65,149,10.70,100,0.00,
3050,鈺德,945225,497,18808490,19.80,20.15,19.70,19.70,-,0.05,19.70,37,19.75,8,31.77,
3051,力特,361653,369,10781174,29.85,30.30,29.50,29.50, ,0.00,29.50,12,29.75,2,16.12,
3052,夆典,204246,134,2503179,12.25,12.30,12.20,12.30,+,0.10,12.25,6,12.30,5,12.55,
3054,立萬利,64133,49,1490367,23.65,23.80,22.90,23.20,+,0.20,23.10,3,23.30,1,0.00,
3055,蔚華科,342017,483,22544761,67.40,67.40,65.30,65.60,-,1.00,65.50,8,65.70,4,0.00,
3056,富華新,700376,553,22830194,32.50,32.90,32.30,32.75,+,0.15,32.60,10,32.75,17,327.50,
3057,喬鼎,82544,161,1016373,12.25,12.40,12.15,12.40,+,0.10,12.40,1,12.45,6,0.00,
3058,立德,2680195,1195,51871895,19.10,19.65,18.80,19.30,+,0.35,19.25,1,19.30,20,0.00,
3059,華晶科,725891,632,25687953,35.35,35.80,35.20,35.30,-,0.25,35.30,5,35.35,1,28.24,
3060,銘異,401750,382,10489541,26.40,26.40,25.90,26.10,-,0.30,26.10,4,26.15,4,0.00,
3062,建漢,8291537,3771,272486426,33.00,33.40,32.45,32.60,-,0.50,32.60,24,32.65,7,0.00,
3090,日電貿,391984,405,24364177,62.60,62.60,61.70,62.00,-,0.60,62.00,1,62.10,9,15.50,
3092,鴻碩,187460,245,6105760,33.20,33.20,32.05,32.40,-,0.50,32.25,1,32.40,1,0.00,
3094,聯傑,865474,823,29139299,34.00,34.20,33.40,33.40,-,0.90,33.40,3,33.55,4,133.60,
3130,一零四,39990,234,9053707,227.00,227.00,226.00,227.00,-,1.00,226.00,5,227.00,1,16.10,
3138,耀登,108113,384,13207509,122.00,124.00,121.00,121.50,-,0.50,121.50,1,122.00,2,35.53,
3149,正達,11758100,8621,414958971,35.90,36.40,34.60,35.00,-,1.40,34.95,13,35.00,7,0.00,
3150,鈺寶-創,20002,18,749874,37.10,38.05,37.00,37.95,+,0.45,37.50,5,38.00,1,0.00,
3164,景岳,39604,128,905235,22.85,23.10,22.80,23.10,+,0.25,22.85,1,23.10,3,28.17,
3167,大量,5058778,3820,726883453,143.00,151.00,136.00,144.00,+,3.50,144.00,21,144.50,10,300.00,
3168,眾福科,47109,26,2632670,56.10,56.20,55.00,55.10,-,0.90,55.10,1,55.80,5,17.89,
3189,景碩,8044296,5683,890970322,111.50,113.00,109.00,110.00,-,2.00,109.50,92,110.00,112,379.31,
3209,全科,1136664,1489,42353343,37.95,38.00,36.65,36.90,-,0.75,36.90,6,36.95,12,12.77,
3229,晟鈦,87209,57,1990862,22.80,23.05,22.75,23.05,+,0.25,23.00,2,23.10,3,164.64,
3231,緯創,11898003,12198,1215345129,103.50,103.50,101.00,101.00,-,3.00,101.00,1081,101.50,175,18.17,
3257,虹冠電,429168,448,24970385,57.70,59.50,57.20,57.20,-,0.50,57.20,4,57.40,4,17.28,
3266,昇陽,94695,69,1902816,19.90,20.25,19.75,20.15,+,0.25,20.05,2,20.15,1,9.04,
3296,勝德,1069768,719,29637650,28.35,28.35,26.95,28.00, ,0.00,27.95,5,28.00,34,933.33,
3305,昇貿,10712685,11407,803483745,78.30,79.80,71.00,71.30,-,3.20,71.30,61,71.40,5,29.83,
3308,聯德,47256,249,1146672,24.50,24.50,24.10,24.30,+,0.10,24.10,4,24.45,3,0.00,
3311,閎暉,53463,107,2039438,38.10,38.25,38.05,38.10,+,0.10,38.10,2,38.15,1,22.95,
3312,弘憶股,1751060,1463,126376762,71.50,73.20,70.80,72.30,+,0.50,72.30,13,72.40,17,26.39,
3321,同泰,302288,315,5489680,18.20,18.40,17.95,18.30,-,0.20,18.15,1,18.30,1,0.00,
3338,泰碩,514293,750,35964044,70.70,70.90,69.30,69.30,-,1.90,69.20,12,69.50,2,20.62,
3346,麗清,248611,216,9433942,38.00,38.30,37.80,37.80,-,0.30,37.80,9,38.05,3,13.17,
3356,奇偶,868136,664,52629344,61.70,61.70,60.30,60.40,-,1.10,60.30,19,60.70,4,10.03,
3376,新日興,2430726,16421,487748597,203.00,205.50,198.00,198.00,-,5.00,198.00,8,198.50,9,30.75,
3380,明泰,654278,414,22469910,34.20,34.65,33.95,34.25,-,0.10,34.25,6,34.30,2,39.83,
3406,玉晶光,1407451,2295,687939019,489.00,494.50,485.50,486.00,-,7.50,486.00,3,487.00,1,11.39,
3413,京鼎,996162,2105,356766670,362.00,364.00,355.00,356.50,-,8.50,356.00,5,356.50,5,16.49,
3416,融程電,102977,183,14989629,146.00,147.00,144.50,144.50,-,2.00,144.50,11,145.00,2,22.33,
3419,譁裕,166426,136,2770299,16.60,16.75,16.50,16.70,+,0.05,16.70,11,16.75,24,0.00,
3432,台端,22085,16,505454,22.95,23.05,22.55,23.05,-,0.20,22.65,2,23.05,1,0.00,
3437,榮創,636293,433,16710391,26.40,26.75,25.95,26.10,-,0.45,26.05,5,26.10,2,0.00,
3443,創意,1143246,2213,1277478325,1110.00,1135.00,1100.00,1100.00,-,20.00,1100.00,4,1105.00,6,44.61,
3447,展達,33335,36,1333412,39.70,40.35,39.60,40.35,+,0.35,40.20,1,40.35,4,0.00,
3450,聯鈞,15830860,11423,2933357477,182.50,189.50,180.50,185.50,+,3.00,185.50,19,186.00,32,299.19,
3454,晶睿,65756,145,8251433,125.50,126.50,124.50,125.00,-,0.50,124.50,4,126.00,2,41.95,
3481,群創,123772891,25740,2007556255,16.00,16.45,15.85,16.15,+,0.10,16.10,1380,16.15,729,0.00,
3494,誠研,90598,44,712087,7.95,7.95,7.69,7.84,-,0.06,7.83,2,7.84,18,0.00,
3501,維熹,554237,907,38762469,71.90,71.90,69.00,69.00,-,2.40,68.90,22,69.00,15,12.71,
3504,揚明光,129775,132,7058410,54.40,54.80,53.90,54.60,-,0.30,54.50,3,54.70,5,0.00,
3515,華擎,305194,1585,63647409,210.00,211.50,206.50,206.50,-,6.50,206.00,14,206.50,1,20.80,
3518,柏騰,551662,498,17327633,31.60,31.80,31.00,31.25,-,0.35,31.25,4,31.40,1,0.00,
3528,安馳,44911,95,2362370,52.70,53.10,52.20,52.50,-,0.20,52.20,7,52.70,7,17.68,
3530,晶相光,215790,479,21397779,99.70,100.50,98.10,98.30,-,1.40,98.20,1,98.50,2,0.00,
3532,台勝科,200846,236,27634736,137.50,139.00,136.50,137.50, ,0.00,137.00,8,137.50,10,23.03,
3533,嘉澤,1395295,2659,1977754190,1485.00,1485.00,1385.00,1385.00,-,110.00,1385.00,25,1390.00,1,20.77,
3535,晶彩科,1376037,1352,84501615,61.80,62.30,60.90,61.20,-,1.10,61.20,3,61.30,4,47.44,
3543,州巧,218515,163,5198380,24.20,24.20,23.65,23.85,-,0.20,23.80,5,23.85,10,53.00,
3545,敦泰,4184682,4449,352199479,82.20,85.50,81.50,85.20,+,3.30,85.20,48,85.30,33,43.47,
3550,聯穎,15187720,8192,412103009,27.10,28.30,25.80,26.10,-,0.80,26.05,48,26.10,78,0.00,
3557,嘉威,93844,81,6906407,73.00,73.90,73.00,73.60,+,0.20,73.40,2,73.80,1,10.82,
3563,牧德,119862,278,42004610,352.00,354.50,348.00,348.00,-,7.00,348.00,2,349.00,3,92.31,
3576,聯合再生,5651781,2132,70953937,12.45,12.65,12.30,12.60,+,0.10,12.60,6,12.65,328,0.00,
3583,辛耘,2587334,3861,1117591580,438.00,443.00,424.50,424.50,-,15.00,424.50,7,425.00,9,43.36,
3588,通嘉,6560142,6121,593008845,86.80,92.70,86.80,90.10,+,3.10,90.00,20,90.10,16,46.68,
3591,艾笛森,356585,252,8659614,24.20,24.50,24.00,24.50,+,0.25,24.50,9,24.55,13,37.12,
3592,瑞鼎,262639,566,89459027,343.00,343.50,338.50,338.50,-,6.00,338.00,11,338.50,2,12.85,
3593,力銘,443264,224,6721612,15.25,15.35,14.90,15.30,-,0.35,15.30,2,15.35,4,0.00,
3596,智易,479536,566,68595972,145.00,145.00,142.00,142.00,-,2.50,142.00,30,142.50,7,12.23,
3605,宏致,6239017,4079,334994735,52.50,54.80,52.30,53.80,-,1.20,53.80,19,53.90,61,672.50,
3607,谷崧,795055,508,16555999,21.25,21.25,20.65,20.85,-,0.20,20.85,12,20.90,3,148.93,
3617,碩天,778664,2763,250549937,329.00,329.00,317.00,319.00,-,8.00,319.00,12,319.50,4,15.40,
3622,洋華,5091728,4918,372788703,72.70,75.20,70.10,74.00,+,1.60,73.90,19,74.00,3,15.26,
3645,達邁,843230,650,39867185,47.80,47.80,46.85,47.05,-,0.80,47.05,2,47.10,1,47.05,
3652,精聯,301379,230,12073343,40.10,40.80,39.80,39.90,-,0.50,39.90,4,39.95,3,47.50,
3653,健策,646934,874,845466335,1310.00,1335.00,1285.00,1295.00,-,15.00,1290.00,15,1295.00,5,66.17,
3661,世芯-KY,2313132,11430,4630139395,2025.00,2045.00,1975.00,1975.00,-,45.00,1975.00,20,1980.00,28,32.63,
3665,貿聯-KY,2500732,2615,1164429126,461.00,474.00,457.00,461.00,-,2.50,460.50,8,462.00,12,27.12,
3669,圓展,298678,334,14754605,50.50,50.50,48.80,49.20,-,0.15,49.10,14,49.35,4,22.36,
3673,TPK-KY,2644313,1830,117655254,44.70,45.10,44.05,44.10,-,0.75,44.10,28,44.15,16,32.91,
3679,新至陞,32103,61,4223690,130.50,132.50,130.50,131.50,-,1.00,131.50,2,132.00,1,12.83,
3686,達能,443368,338,10710245,24.05,24.90,23.80,24.00,-,0.40,24.00,6,24.10,4,0.00,
3694,海華,1087795,826,48073017,44.20,44.75,43.40,43.70,-,0.50,43.65,1,43.75,3,17.84,
3701,大眾控,183306,309,7414517,40.55,41.25,40.00,40.05,-,0.85,40.00,11,40.05,43,41.72,
3702,大聯大,4271366,3167,324120026,77.80,77.80,75.00,75.00,-,2.50,75.00,26,75.40,1,16.23,
3702A,大聯大甲特,182817,62,9224446,50.50,50.50,50.40,50.50,+,0.10,50.40,67,50.50,39,0.00,
3703,欣陸,1529727,1021,47448274,31.20,31.45,30.80,30.80,-,0.45,30.80,63,30.85,3,15.10,
3704,合勤控,402230,619,15013373,37.50,37.65,37.10,37.25,-,0.25,37.20,8,37.25,1,20.03,
3705,永信,579849,1470,35983042,62.60,63.30,61.20,61.40,-,1.30,61.30,13,61.50,3,15.54,
3706,神達,2797830,2410,126935439,45.65,45.80,45.00,45.00,-,0.90,45.00,117,45.05,15,20.00,
3708,上緯投控,3649568,3100,434798266,122.50,123.50,115.00,115.00,-,5.50,115.00,100,115.50,43,17.42,
3711,日月光投控,18567667,13241,2841712091,155.00,156.50,151.00,151.00,-,8.00,151.00,239,152.00,11,20.63,
3712,永崴投控,1683509,1309,91082361,54.80,55.10,53.20,54.00,-,0.20,53.90,6,54.00,11,13.40,
3714,富采,2103364,1470,95806801,45.70,45.95,45.00,45.40,-,0.10,45.35,1,45.40,11,0.00,
3715,定穎投控,21031505,16283,1612812420,75.60,77.80,74.80,76.90,+,1.40,76.80,8,76.90,22,16.50,
3716,中化控股,217221,287,8597934,39.95,39.95,39.35,39.50,-,0.40,39.50,1,39.55,2,0.00,
4104,佳醫,123870,165,10849973,88.20,88.30,87.00,87.80,-,0.40,87.80,3,88.00,1,17.56,
4106,雃博,62871,154,1642888,26.20,26.20,26.05,26.10,-,0.30,26.05,10,26.10,5,23.51,
4108,懷特,111020,206,2015635,18.10,18.25,18.05,18.20, ,0.00,18.10,2,18.20,4,0.00,
4119,旭富,57068,96,5113922,89.80,90.00,89.20,89.80, ,0.00,89.40,2,89.80,1,77.41,
4133,亞諾法,81484,191,2482791,30.50,30.65,30.30,30.60, ,0.00,30.50,2,30.60,1,28.07,
4137,麗豐-KY,1026618,1225,155188204,148.00,155.50,148.00,153.00,+,9.00,153.00,10,153.50,19,16.45,
4142,國光生,295599,241,8055329,27.30,27.40,27.15,27.20, ,0.00,27.20,8,27.25,21,0.00,
4148,全宇生技-KY,28010,28,1303580,47.50,47.50,46.30,46.45,-,0.10,46.45,4,46.55,1,30.76,
4155,訊映,158938,308,3886536,24.45,24.65,24.30,24.45,-,0.05,24.40,2,24.45,7,74.09,
4164,承業醫,196228,258,8506478,43.15,43.65,42.75,43.65,+,0.50,43.55,1,43.65,8,26.45,
4190,佐登-KY,226300,360,11385290,48.95,51.50,48.85,50.10,+,2.15,50.10,1,50.30,7,0.00,
4306,炎洲,1271429,739,24509588,19.30,19.35,19.20,19.25,-,0.05,19.25,54,19.30,25,11.19,
4414,如興,482306,128,1503703,3.11,3.14,3.11,3.12,-,0.03,3.11,26,3.12,99,0.00,
4426,利勤,230725,126,3204225,13.80,14.00,13.75,14.00,+,0.20,13.95,1,14.00,22,0.00,
4438,廣越,70101,72,7582943,109.00,109.00,107.50,108.00, ,0.00,107.50,2,108.00,1,17.94,
4439,冠星-KY,69038,67,6449555,90.60,95.20,90.10,95.10,+,3.90,94.30,1,95.10,5,20.76,
4440,宜新實業,59829,64,1570425,26.30,26.30,26.15,26.20,-,0.05,26.15,3,26.20,4,18.71,
4526,東台,4472640,2772,156272175,35.35,35.50,34.60,34.75,-,0.35,34.75,18,34.80,5,0.00,
4532,瑞智,1556961,914,40202686,26.15,26.15,25.70,25.80,-,0.35,25.80,2,25.85,16,13.51,
4536,拓凱,154116,977,33615060,220.00,220.00,216.50,217.50,-,0.50,217.50,4,218.00,1,14.11,
4540,全球傳動,1365446,839,59297376,43.20,44.15,42.70,43.65,+,0.45,43.65,19,43.70,11,0.00,
4545,銘鈺,474612,534,26032095,55.60,55.80,54.40,54.50,-,1.40,54.50,1,54.60,1,24.89,
4551,智伸科,321911,333,42186947,130.00,132.50,128.00,131.00,+,1.50,130.50,11,131.00,1,26.63,
4552,力達-KY,1159064,1034,32430683,26.85,28.40,26.85,28.05,+,1.20,28.00,1,28.05,12,10.79,
4555,氣立,217754,209,9225190,43.10,43.10,42.00,42.35,-,0.35,42.35,12,42.40,4,0.00,
4557,永新-KY,162200,147,20590443,125.50,128.00,125.00,128.00,+,2.50,127.00,3,128.00,7,14.33,
4560,強信-KY,80113,53,2567575,32.10,32.20,31.95,32.20,+,0.10,32.00,1,32.25,1,27.29,
4562,穎漢,2559506,1912,172000868,66.40,68.80,66.20,66.50,-,1.00,66.50,61,66.60,6,0.00,
4564,元翎,301796,347,7385822,24.50,24.60,24.35,24.45,-,0.25,24.40,1,24.45,8,0.00,
4566,時碩工業,2354240,2940,214003634,92.00,92.10,90.10,90.30,-,2.10,90.20,59,90.30,47,25.95,
4569,六方科-KY,909701,1541,236204065,280.00,280.50,238.00,238.00,-,26.00,0,0,238.00,483,42.12,
4571,鈞興-KY,1365707,1327,240874268,173.00,180.50,172.00,175.00,+,1.00,175.00,16,175.50,4,23.87,
4572,駐龍,78150,73,12369480,159.00,159.00,157.50,158.50,-,0.50,158.00,10,158.50,1,22.45,
4576,大銀微系統,1430276,1196,143192680,101.50,102.00,99.10,99.30,-,2.20,99.30,4,99.40,17,551.67,
4581,光隆精密-KY,18023,14,1023913,56.80,57.00,56.70,57.00,+,0.20,56.80,2,57.00,1,10.92,
4583,台灣精銳,660461,1146,468997778,715.00,720.00,704.00,709.00,+,2.00,708.00,2,709.00,5,52.60,
4588,玖鼎電力,72791,82,6589590,90.70,91.80,90.00,90.00,-,0.70,90.00,4,90.40,1,25.79,
4720,德淵,818771,426,17252291,21.10,21.30,20.90,21.05,-,0.40,21.00,4,21.10,19,14.62,
4722,國精化,506216,709,23773078,48.30,48.30,46.40,46.95,-,1.40,46.75,1,47.00,3,18.63,
4736,泰博,137710,170,21393290,155.50,156.00,154.50,155.00,-,0.50,155.00,9,155.50,18,13.21,
4737,華廣,33130,32,2287670,69.00,69.10,69.00,69.10,+,0.10,68.50,3,69.10,4,0.00,
4739,康普,207225,534,12624025,60.90,61.80,60.30,60.40,-,0.30,60.30,5,60.40,1,120.80,
4746,台耀,851992,761,85518613,99.50,102.00,99.00,99.00,-,0.70,99.00,6,99.10,1,46.48,
4755,三福化,190050,248,26242498,137.50,140.00,137.00,137.00,-,2.50,137.00,19,138.00,1,29.85,
4763,材料-KY,1494110,3400,1329462608,886.00,906.00,874.00,887.00,-,5.00,887.00,6,888.00,3,10.25,
4764,雙鍵,34599,32,1534824,44.20,44.85,44.15,44.85,+,0.30,44.85,1,45.00,3,0.00,
4766,南寶,293894,429,89649813,309.00,309.00,302.00,303.50,-,5.50,303.00,7,303.50,1,13.86,
4770,上品,573505,1270,192550929,343.00,344.00,332.00,332.50,-,11.50,332.00,9,332.50,5,16.02,
4771,望隼,716018,787,166789489,227.00,237.00,226.00,234.00,+,9.00,233.50,3,234.50,1,19.06,
4807,日成-KY,402006,273,9026886,22.60,23.00,21.65,22.75,+,0.70,22.75,1,22.80,5,0.00,
4904,遠傳,5094749,3871,463796535,91.20,92.00,90.70,90.70,-,0.50,90.70,89,90.80,1,27.99,
4906,正文,5602987,3766,216767641,39.60,39.65,38.30,38.35,-,1.05,38.35,34,38.40,16,26.09,
4912,聯德控股-KY,64542,64,6557786,102.00,103.50,100.50,101.00,-,1.00,101.00,2,101.50,7,14.66,
4915,致伸,3337314,2643,304807760,91.00,92.80,90.10,90.60,-,1.30,90.60,44,90.80,1,16.50,
4916,事欣科,727272,545,20917890,28.80,29.25,28.40,28.65,+,0.30,28.65,6,28.70,6,0.00,
4919,新唐,8938319,7253,784437573,88.10,89.80,85.70,85.70,-,1.90,85.70,23,85.80,5,21.21,
4927,泰鼎-KY,528555,530,30413179,56.80,58.20,56.80,57.30,-,0.20,57.20,32,57.30,3,0.00,
4930,燦星網,62237,162,2093056,33.55,33.80,33.55,33.70,+,0.15,33.70,1,33.75,1,8.30,
4934,太極,496597,367,9295482,18.50,18.90,18.25,18.85,+,0.30,18.75,11,18.85,2,0.00,
4935,茂林-KY,533677,572,38202673,70.80,73.20,69.60,71.10,+,0.50,71.10,1,71.20,4,18.76,
4938,和碩,3872698,1812,400987179,104.00,104.50,103.00,103.00,-,1.00,102.50,776,103.00,29,14.88,
4942,嘉彰,73998,59,3298585,44.45,44.65,44.45,44.55,-,0.10,44.50,6,44.55,1,9.75,
4943,康控-KY,13619,22,243413,17.95,17.95,17.50,17.50,+,0.15,17.30,1,17.65,2,0.00,
4949,有成精密,49785,47,1164975,23.75,23.75,23.25,23.60, ,0.00,23.40,2,23.65,3,0.00,
4952,凌通,1031146,1413,59720906,58.00,58.80,57.20,57.70,-,1.40,57.60,6,57.70,2,25.20,
4956,光鋐,1559084,910,42379828,27.65,27.65,26.90,27.00,-,0.70,27.00,88,27.10,20,0.00,
4958,臻鼎-KY,4999008,3520,570732201,115.00,115.50,113.50,113.50,-,1.00,113.00,693,113.50,20,14.82,
4960,誠美材,798421,447,10753827,13.50,13.55,13.35,13.45,-,0.15,13.40,110,13.45,3,0.00,
4961,天鈺,494158,2082,132305912,268.50,271.00,265.50,266.50,-,2.50,266.50,3,267.00,8,15.18,
4967,十銓,1419033,2043,153356612,110.00,110.00,107.00,107.00,-,3.50,107.00,130,107.50,33,11.38,
4968,立積,1546381,5262,302629446,196.50,199.00,193.50,193.50,-,5.50,193.00,49,194.00,14,716.67,
4976,佳凌,313184,262,13490378,43.30,43.55,42.80,43.00,-,0.40,43.00,10,43.05,1,0.00,
4977,眾達-KY,9538277,6496,988826645,106.00,107.00,100.50,105.50,-,2.00,105.00,24,105.50,60,376.79,
4989,榮科,1154252,737,27393905,23.45,24.15,23.05,23.80,+,0.35,23.75,13,23.80,9,0.00,
4994,傳奇,20041,29,2316565,114.00,116.50,114.00,116.00,+,1.00,114.00,1,116.00,2,34.83,
4999,鑫禾,47074,154,1644965,34.70,35.25,34.70,35.00, ,0.00,34.95,1,35.00,12,76.09,
5007,三星,30266,32,1726954,57.30,57.30,56.90,57.10,-,0.10,56.90,1,57.10,3,15.07,
5203,訊連,154203,170,14719177,95.00,96.20,95.00,95.10,+,0.20,95.10,2,95.20,1,25.84,
5215,科嘉-KY,53358,45,2604171,48.25,49.10,48.25,48.90,+,0.10,48.70,2,48.90,1,16.14,
5222,全訊,171590,613,24666363,144.50,145.00,143.00,143.00,-,0.50,143.00,26,143.50,4,24.07,
5225,東科-KY,2997852,2437,394838222,136.50,136.50,129.00,131.00,-,6.00,130.50,41,131.00,1,12.55,
5234,達興材料,747016,814,179756040,239.00,244.00,237.00,240.50,+,4.00,240.50,4,241.00,1,46.43,
5243,乙盛-KY,1937716,1360,125373870,64.40,65.50,63.70,64.50,+,0.10,64.40,22,64.50,5,23.54,
5244,弘凱,43001,36,1882693,43.70,43.95,43.60,43.95,-,0.45,43.75,2,43.95,1,17.72,
5258,虹堡,1124696,846,137498473,124.00,125.00,120.00,121.50,-,2.50,121.50,8,122.00,12,15.42,
5269,祥碩,885243,1742,1461703365,1695.00,1710.00,1605.00,1615.00,-,95.00,1610.00,11,1615.00,2,38.04,
5283,禾聯碩,65883,116,6733505,102.50,102.50,102.00,102.00,-,0.50,102.00,27,102.50,22,17.71,
5284,jpp-KY,445716,282,56213304,125.50,127.00,124.50,126.50,+,1.50,126.50,1,127.00,86,62.32,
5285,界霖,141291,137,9767356,69.20,69.70,68.50,68.50,-,0.70,68.50,15,68.60,6,29.91,
5288,豐祥-KY,68099,90,12976843,189.50,193.00,188.00,191.50,+,1.50,191.50,5,192.50,6,11.32,
5292,華懋,118285,3127,19862718,171.50,171.50,166.00,168.50,-,0.50,168.50,2,169.50,3,17.70,
5306,桂盟,301445,298,45409643,154.00,154.00,149.50,151.00,-,3.00,150.50,2,151.00,1,27.50,
5388,中磊,1835706,3290,207090503,113.50,114.50,111.50,111.50,-,2.00,111.50,24,112.00,10,12.91,
5434,崇越,633951,4052,180582031,287.00,287.00,282.00,282.00,-,5.50,282.00,18,283.00,5,16.53,
5469,瀚宇博,1186848,1100,62992770,53.40,53.60,52.70,52.80,-,0.40,52.80,24,52.90,5,10.17,
5471,松翰,322020,422,15035262,47.00,47.45,46.15,46.15,-,0.70,46.15,5,46.30,6,34.70,
5484,慧友,474697,497,32102352,68.20,68.30,67.30,67.30,-,1.40,67.30,6,67.50,8,0.00,
5515,建國,480516,380,10853288,22.50,22.80,22.25,22.60,+,0.10,22.55,12,22.60,5,11.59,
5519,隆大,546046,465,21220453,39.10,39.15,38.65,38.95,-,0.15,38.90,10,38.95,13,9.10,
5521,工信,1425805,583,17465020,12.40,12.50,12.05,12.30,-,0.10,12.25,1,12.30,5,0.00,
5522,遠雄,642535,738,46119817,71.00,72.30,70.60,71.80,+,0.80,71.70,1,71.80,2,13.75,
5525,順天,75734,85,2572147,34.00,34.45,33.70,33.90,-,0.05,33.75,1,33.90,20,10.43,
5531,鄉林,909297,279,9384084,10.30,10.40,10.20,10.35,+,0.05,10.30,24,10.35,91,0.00,
5533,皇鼎,138230,92,2962099,21.50,21.55,21.20,21.45,+,0.15,21.40,3,21.45,6,16.89,
5534,長虹,1076562,930,107470655,98.60,101.00,98.40,99.00,+,0.40,99.00,51,99.80,1,13.40,
5538,東明-KY,154017,197,6094060,39.50,40.00,39.00,39.45,+,0.15,39.30,4,39.45,20,21.56,
5546,永固-KY,51070,20,1491286,29.50,29.80,29.00,29.00,-,0.50,29.00,5,29.20,1,0.00,
5607,遠雄港,441126,436,21076422,47.20,48.05,47.10,47.65,+,0.45,47.60,5,47.70,2,20.63,
5608,四維航,8797270,4092,170250630,19.80,19.80,18.95,19.00,-,0.35,19.00,10,19.05,55,0.00,
5706,鳳凰,202227,292,12114974,60.00,60.10,59.60,60.10,+,0.10,59.90,6,60.10,45,17.03,
5871,中租-KY,25552473,16328,4200024190,164.50,167.00,162.50,163.50, ,0.00,163.00,164,163.50,21,11.93,
5871A,中租-KY甲特,56190,59,5356041,95.30,95.40,95.30,95.40,+,0.20,95.30,5,95.40,8,0.00,
5876,上海商銀,11242471,4571,437364074,39.50,39.50,38.60,38.60,-,0.60,38.60,369,38.65,6,17.55,
5880,合庫金,7656927,3271,198756957,26.05,26.10,25.90,25.90,-,0.15,25.90,297,25.95,151,21.40,
5906,台南-KY,5344,22,311052,58.00,58.40,58.00,58.40,+,0.40,58.00,1,58.50,1,27.94,
5907,大洋-KY,2916516,1064,30054753,10.10,10.65,9.75,10.65,+,0.95,10.65,6501,0,0,0.00,
6005,群益證,4050719,1722,87690565,21.65,21.80,21.45,21.65, ,0.00,21.60,109,21.65,9,10.36,
6024,群益期,183625,214,10391514,56.60,56.80,56.40,56.70,+,0.10,56.70,3,56.80,23,10.58,
6108,競國,260256,186,4507677,17.55,17.55,17.25,17.25,-,0.20,17.25,2,17.30,4,61.61,
6112,邁達特,204400,346,9623925,47.50,47.60,46.80,47.00,-,0.70,46.95,1,47.00,1,22.07,
6115,鎰勝,80261,75,4238830,52.80,53.00,52.70,53.00,+,0.20,52.70,18,53.00,16,16.01,
6116,彩晶,8738345,2644,82533507,9.42,9.52,9.36,9.40,+,0.01,9.40,17,9.41,98,0.00,
6117,迎廣,896756,826,89289126,100.00,101.00,98.60,99.00,-,2.00,98.90,1,99.00,1,26.19,
6120,達運,1017464,430,15055566,14.95,14.95,14.70,14.75,-,0.15,14.75,30,14.80,6,42.14,
6128,上福,58573,107,2119744,36.20,36.30,35.95,36.30, ,0.00,36.15,4,36.30,2,10.93,
6133,金橋,1158196,783,25394626,22.05,22.25,21.70,21.90,-,0.15,21.90,7,21.95,4,53.41,
6136,富爾特,828419,581,19531172,23.50,24.10,23.00,23.20,+,0.40,23.20,61,23.30,7,25.49,
6139,亞翔,1418331,2466,299145936,211.00,214.00,208.50,208.50,-,4.50,208.50,15,209.00,3,11.81,
6141,柏承,138797,86,1934245,14.00,14.15,13.85,13.85,-,0.25,13.85,7,13.90,2,0.00,
6142,友勁,293475,188,3199733,10.90,11.10,10.80,10.90, ,0.00,10.85,4,10.90,31,0.00,
6152,百一,1913308,1100,32039260,16.90,17.15,16.55,16.60,-,0.30,16.55,53,16.60,32,166.00,
6153,嘉聯益,1472834,704,30937486,21.30,21.30,20.80,20.95,-,0.35,20.95,11,21.00,30,0.00,
6155,鈞寶,44481,58,1191015,26.80,27.00,26.65,26.70,-,0.20,26.65,1,26.70,1,30.34,
6164,華興,336078,618,4656916,13.90,13.95,13.70,13.90,-,0.05,13.85,1,13.90,7,60.43,
6165,浪凡,202878,180,7784239,38.35,38.90,37.90,38.25,-,0.05,38.25,1,38.30,2,40.69,
6166,凌華,216197,362,15075371,70.00,70.20,68.80,69.60, ,0.00,69.20,7,69.70,1,1160.00,
6168,宏齊,297026,220,6729043,22.45,22.85,22.45,22.70,-,0.05,22.65,1,22.70,9,84.07,
6176,瑞儀,1742692,2757,338200024,192.00,196.00,191.00,194.50,+,2.50,194.00,18,194.50,80,14.94,
6177,達麗,2232315,1778,110895281,50.20,50.20,49.10,49.40,-,0.80,49.40,27,49.45,2,8.61,
6183,關貿,15956,233,1218698,76.20,77.00,75.90,77.00,-,0.10,75.80,1,77.00,5,24.68,
6184,大豐電,20589,35,1082894,52.30,52.70,52.30,52.70,+,0.10,52.50,1,52.70,16,15.92,
6189,豐藝,801505,957,64881134,81.30,81.40,80.70,80.70,-,1.00,80.70,32,80.90,4,13.47,
6191,精成科,1623035,1203,99419516,61.80,62.00,60.40,60.40,-,1.20,60.40,4,60.70,14,8.52,
6192,巨路,102139,116,11978868,116.50,119.00,116.00,118.50,+,0.50,117.50,8,118.50,3,13.26,
6196,帆宣,251097,320,37951354,152.50,152.50,150.00,150.50,-,1.50,150.00,23,150.50,2,17.34,
6197,佳必琪,2445675,17955,401597417,168.00,168.00,161.50,162.00,-,6.50,162.00,39,162.50,27,21.95,
6201,亞弘電,17708,43,1018458,57.30,57.80,57.20,57.20,-,0.10,57.20,2,57.70,3,12.27,
6202,盛群,3626234,2580,198785495,54.80,56.50,53.60,53.90,-,1.50,53.80,20,53.90,2,0.00,
6205,詮欣,291259,169,20471934,71.10,71.10,69.70,70.50,-,0.10,70.50,3,70.60,4,30.39,
6206,飛捷,157874,237,13439066,85.80,85.90,84.90,85.00,-,0.90,85.00,2,85.20,2,15.43,
6209,今國光,362062,186,9420853,26.15,26.20,25.85,26.20, ,0.00,26.00,1,26.20,1,0.00,
6213,聯茂,3556823,2467,268913183,75.00,76.60,74.70,75.50,-,0.30,75.50,49,75.60,8,29.96,
6214,精誠,449067,374,57157815,127.50,128.50,126.50,127.00,-,0.50,127.00,8,127.50,3,18.38,
6215,和椿,2855149,2811,187141574,66.00,66.40,65.00,65.00,-,1.80,65.00,55,65.10,10,51.18,
6216,居易,880193,771,42077486,48.50,48.50,47.25,47.25,-,1.25,47.25,17,47.30,6,20.37,
6224,聚鼎,917028,1066,65724388,74.20,74.30,70.00,70.20,-,1.00,70.20,6,70.30,3,47.11,
6225,天瀚,552,2,8832,0,0,0,0, ,0.00,15.00,1,15.60,1,43.33,
6226,光鼎,212608,147,2085135,9.90,9.90,9.77,9.80,-,0.10,9.80,5,9.82,5,0.00,
6230,尼得科超眾,83001,400,18556458,224.00,226.50,219.50,225.00,-,2.50,225.00,1,226.00,2,61.14,
6235,華孚,1086115,2454,80239460,74.50,75.70,72.80,73.10,-,1.40,73.10,2,73.20,9,18.14,
6239,力成,2632291,2479,365837013,141.00,142.00,137.00,137.00,-,4.00,136.50,198,137.00,50,11.25,
6243,迅杰,994493,1023,56377121,56.80,57.40,55.70,56.50,-,1.40,56.30,1,56.60,4,43.80,
6257,矽格,5128505,3925,390741389,77.30,77.30,75.70,75.70,-,1.60,75.70,55,75.80,25,14.26,
6269,台郡,855163,840,67483464,79.00,79.50,78.60,78.60,-,0.40,78.60,31,78.70,8,16.87,
6271,同欣電,724934,872,102477847,142.00,143.50,140.00,140.00,-,2.00,140.00,14,140.50,10,18.62,
6277,宏正,17576,39,1378895,78.60,78.60,78.20,78.60, ,0.00,78.30,8,78.80,7,19.65,
6278,台表科,808520,672,89634241,111.00,112.00,110.00,110.00,-,1.00,110.00,58,110.50,32,10.27,
6281,全國電,37309,65,3131136,83.80,84.20,83.80,83.90,+,0.10,83.80,1,84.00,4,18.24,
6282,康舒,1563789,1333,53488817,34.20,34.50,33.95,34.00,-,0.25,34.00,5,34.05,22,566.67,
6283,淳安,124261,106,3523043,28.95,28.95,28.10,28.20,-,0.65,28.15,3,28.30,9,0.00,
6285,啟碁,1285309,1111,150127231,117.00,118.00,116.00,116.00,-,1.00,116.00,327,116.50,52,13.41,
6288,聯嘉,1514261,1116,42724469,28.55,28.65,28.00,28.00,-,0.80,28.00,99,28.15,5,77.78,
6405,悅城,3083507,2439,122244586,40.60,41.00,39.00,39.70,-,1.30,39.65,1,39.70,26,0.00,
6409,旭隼,306091,515,623036490,2075.00,2100.00,2015.00,2025.00,-,50.00,2020.00,1,2025.00,1,50.00,
6412,群電,459679,492,62624851,136.00,138.00,135.50,135.50,-,0.50,135.50,4,136.00,4,15.45,
6414,樺漢,412873,1862,119570162,291.50,291.50,288.00,289.00,-,2.00,289.00,3,289.50,20,17.03,
6415,矽力*-KY,6291966,6231,2995604969,479.00,498.00,462.50,468.00,-,16.50,467.50,6,468.00,42,141.82,
6416,瑞祺電通,582281,559,91642824,156.00,160.00,154.50,159.00,+,1.00,159.00,15,159.50,8,40.77,
6423,億而得-創,36175,29,3354627,93.50,93.50,91.80,93.00,-,0.80,93.00,1,93.60,1,89.42,
6426,統新,115240,126,7653359,67.50,67.50,66.00,66.40,-,0.70,66.40,1,66.60,1,0.00,
6431,光麗-KY,1379101,179,28589855,20.70,21.40,20.05,21.30,+,0.65,20.95,1,21.35,3,0.00,
6438,迅得,7513245,7911,1118053642,140.50,153.50,140.00,149.50,+,8.00,149.00,233,149.50,65,21.51,
6442,光聖,2281294,2326,849546368,370.00,379.50,365.00,374.00,-,1.00,374.00,6,374.50,1,61.51,
6443,元晶,6484116,2812,158955620,24.40,24.90,24.15,24.65,+,0.35,24.65,15,24.70,99,48.33,
6446,藥華藥,2259352,3282,1459201021,633.00,658.00,633.00,636.00,+,4.00,636.00,13,638.00,4,159.40,
6449,鈺邦,834058,3065,135717249,164.00,165.50,160.50,160.50,-,3.50,160.50,1,161.00,1,32.42,
6451,訊芯-KY,1548213,1925,323091532,208.50,212.00,205.50,207.00,-,2.00,207.00,1,207.50,1,72.63,
6456,GIS-KY,405340,375,23710698,58.80,58.80,58.30,58.40,-,0.60,58.40,1,58.50,3,0.00,
6464,台數科,18020,12,1454022,80.60,80.90,80.50,80.80,-,0.20,80.50,5,80.80,2,13.91,
6472,保瑞,829890,1775,625128944,757.00,765.00,747.00,750.00,-,7.00,749.00,1,750.00,1,23.71,
6477,安集,358671,371,12901395,36.40,36.40,35.70,35.90,+,0.25,35.90,2,35.95,4,0.00,
6491,晶碩,1401358,2062,631201268,439.00,458.00,439.00,449.00,+,13.00,448.50,13,449.50,4,18.09,
6504,南六,17550,162,1246149,71.00,71.20,70.70,71.20,+,0.10,70.20,1,71.20,1,56.06,
6505,台塑化,7396697,4095,389638077,52.70,53.20,52.10,52.70,-,0.30,52.60,36,52.70,2,19.03,
6515,穎崴,258961,655,322180035,1240.00,1270.00,1225.00,1225.00,-,25.00,1220.00,8,1225.00,3,69.96,
6525,捷敏-KY,129744,288,8388487,65.30,65.30,62.30,64.70,-,0.60,64.60,1,64.70,1,14.67,
6526,達發,485075,920,307165375,628.00,641.00,623.00,632.00,+,1.00,632.00,13,634.00,9,59.23,
6531,愛普*,1180745,3331,358860024,304.00,307.00,301.50,303.50,-,4.00,303.00,17,303.50,12,30.05,
6533,晶心科,1131867,1513,425834185,375.50,384.00,370.50,373.00,-,2.50,372.00,7,373.00,9,0.00,
6534,正瀚-創,33040,23,2489719,75.90,76.00,75.00,76.00, ,0.00,74.80,1,76.00,5,18.18,
6541,泰福-KY,85596,96,5945648,70.70,70.70,68.90,69.40,-,0.10,69.30,2,69.40,5,0.00,
6550,北極星藥業-KY,636525,505,35279507,55.00,56.30,54.70,55.20,+,0.40,55.10,45,55.20,12,0.00,
6552,易華電,267648,223,13223116,50.80,50.80,48.80,49.10,-,1.20,49.10,1,49.15,2,51.68,
6558,興能高,86457,62,2027300,23.50,23.60,23.35,23.40,-,0.10,23.40,5,23.50,4,167.14,
6573,虹揚-KY,737080,466,12057920,15.65,16.95,15.45,16.40,+,0.60,16.40,10,16.50,1,0.00,
6579,研揚,79491,357,11979594,151.00,152.50,149.50,150.00,-,3.50,150.00,4,150.50,1,24.04,
6581,鋼聯,100599,223,10638490,106.50,107.50,104.50,107.00,+,0.50,106.50,4,107.00,4,17.83,
6582,申豐,320572,425,21781652,69.00,69.00,67.00,67.60,-,0.80,67.60,1,67.70,2,0.00,
6585,鼎基,357542,523,58952095,169.00,169.00,163.00,163.50,-,6.50,163.00,27,163.50,4,16.84,
6591,動力-KY,68247,73,3345036,49.30,49.40,48.80,49.10,-,0.15,48.85,2,49.10,6,16.64,
6592,和潤企業,429882,757,42791552,100.00,100.50,98.70,98.80,-,1.20,98.70,4,98.80,10,17.49,
6592A,和潤企業甲特,8474,10,804583,94.90,95.00,94.90,95.00,+,0.20,94.90,1,95.20,2,0.00,
6592B,和潤企業乙特,21142,16,2015218,95.30,95.40,95.20,95.40,+,0.10,95.30,13,95.40,1,0.00,
6598,ABC-KY,1488055,1071,34629492,23.70,23.80,22.85,22.85,-,1.60,22.85,22,22.95,1,0.00,
6605,帝寶,1213120,1159,321387619,258.00,270.00,256.50,264.50,+,6.50,264.50,2,265.00,4,14.84,
6606,建德工業,448144,351,13166892,30.00,30.00,29.00,29.35,-,0.65,29.35,3,29.40,2,27.43,
6625,必應,281851,371,24832704,86.20,89.80,86.00,87.80,+,1.30,87.70,1,87.80,2,12.44,
6641,基士德-KY,5049,5,207771,40.80,41.45,40.80,41.45,+,0.20,40.95,1,41.45,1,16.71,
6645,金萬林-創,13302,16,384274,28.90,28.95,28.80,28.95,+,0.20,28.75,9,28.95,1,0.00,
6655,科定,15835,36,2128439,135.00,135.50,134.00,134.50,-,1.00,134.00,12,135.00,1,30.71,
6657,華安,296580,302,16606531,53.00,57.80,53.00,55.80,+,3.20,55.80,2,55.90,1,0.00,
6658,聯策,327285,341,22552008,69.60,70.10,68.30,68.90,-,1.10,68.60,5,69.00,2,65.62,
6666,羅麗芬-KY,463182,247,30337802,61.20,66.00,61.10,66.00,+,6.00,66.00,197,0,0,40.00,
6668,中揚光,225020,194,10981264,48.95,49.15,48.30,48.70,-,0.20,48.60,1,48.70,1,0.00,
6669,緯穎,2020476,7414,3539366205,1830.00,1830.00,1715.00,1715.00,-,110.00,1715.00,5,1720.00,2,19.31,
6670,復盛應用,703198,3206,206560534,301.50,301.50,290.00,290.00,-,14.00,290.00,5,291.50,1,13.57,
6671,三能-KY,13021,12,555554,42.60,43.00,42.50,43.00,+,0.15,42.85,1,43.00,18,14.29,
6672,騰輝電子-KY,131407,150,9224857,70.80,70.90,69.90,70.00,-,0.60,69.90,3,70.00,1,11.57,
6674,鋐寶科技,13075,15,339243,26.45,26.45,25.75,25.95,+,0.05,25.90,1,25.95,2,0.00,
6689,伊雲谷,157189,446,15710233,101.50,101.50,99.00,99.10,-,2.40,99.10,3,99.20,2,39.02,
6691,洋基工程,260121,803,80573411,312.50,313.00,307.00,308.50,-,4.50,307.50,5,308.50,2,15.91,
6695,芯鼎,704068,684,41593404,58.90,60.50,58.50,58.50,-,0.70,58.50,43,58.90,1,0.00,
6698,旭暉應材,925548,855,42668166,47.10,47.95,45.30,45.50,-,1.60,45.50,11,45.55,4,0.00,
6706,惠特,1672930,1569,282597718,168.00,170.00,167.00,170.00,+,4.00,169.50,53,170.00,333,0.00,
6715,嘉基,172708,256,30342145,180.00,180.00,171.50,172.00,-,6.50,172.00,14,173.00,1,27.79,
6719,力智,362831,2788,91021128,253.00,254.50,248.00,248.00,-,5.50,248.00,6,248.50,1,98.80,
6742,澤米,1548662,1207,99159908,63.30,65.80,62.10,64.40,+,1.50,64.40,2,64.50,12,715.56,
6743,安普新,1512646,1546,98247977,67.60,67.60,63.60,63.80,-,3.80,63.80,12,63.90,3,120.38,
6753,龍德造船,1640976,2186,205781123,128.50,129.00,123.00,123.00,-,6.00,123.00,118,124.00,14,16.38,
6754,匯僑設計,103838,158,7793794,74.80,75.60,73.60,74.80,-,0.90,74.80,2,75.20,1,11.33,
6756,威鋒電子,410902,865,77219948,185.00,191.50,181.50,187.50,+,5.00,187.50,1,188.00,3,68.93,
6757,台灣虎航-創,2541161,1148,151528777,60.10,60.60,58.60,59.30,-,1.40,59.30,44,59.40,34,10.26,
6768,志強-KY,615371,511,65611197,108.00,109.50,104.50,105.50,-,2.00,105.00,19,105.50,10,19.94,
6770,力積電,12624305,6124,271519970,21.80,21.80,21.30,21.60,-,0.40,21.55,1,21.60,291,0.00,
6771,平和環保-創,25000,17,1622200,64.90,65.00,64.80,64.80,+,0.20,64.80,1,64.90,2,14.73,
6776,展碁國際,29748,71,1701513,57.00,57.50,56.90,57.20,-,0.10,57.00,1,57.20,1,11.92,
6781,AES-KY,64778,521,32477144,503.00,512.00,496.50,499.50,-,8.50,499.00,1,500.00,1,23.42,
6782,視陽,1238662,2179,309669590,237.00,255.50,237.00,249.50,+,9.50,249.50,3,250.00,1,30.24,
6789,采鈺,849136,2190,246159477,290.50,294.50,286.50,290.00,-,4.50,289.50,3,290.00,17,130.63,
6790,永豐實,81001,121,3939176,48.70,49.15,48.40,48.70,-,0.30,48.50,1,48.70,4,12.27,
6792,詠業,54367,58,3762228,69.10,70.00,68.50,69.40,-,0.60,69.00,3,69.50,2,21.76,
6794,向榮生技-創,12000,12,923900,77.50,77.70,76.00,77.70, ,0.00,76.50,1,77.70,1,0.00,
6796,晉弘,21717,25,1770248,80.60,82.90,80.60,81.00,-,1.60,81.00,2,81.50,1,114.08,
6799,來頡,275321,282,32963091,119.00,122.00,117.50,120.00,+,0.50,119.50,3,120.00,3,26.91,
6805,富世達,3076060,3617,2543671106,818.00,844.00,801.00,825.00,+,10.00,824.00,3,825.00,16,66.27,
6806,森崴能源,6477828,5460,899278375,138.50,142.00,136.00,136.00,-,2.50,136.00,34,136.50,4,40.36,
6807,峰源-KY,96209,116,6984007,72.10,73.40,71.50,72.70,+,0.30,72.70,1,72.80,1,11.38,
6830,汎銓,1587933,3724,282226200,181.50,181.50,175.50,177.00,-,4.50,177.00,10,177.50,10,47.20,
6834,天二科技,1014805,755,40860956,39.55,41.30,38.90,39.75,+,0.25,39.70,5,39.75,7,1325.00,
6835,圓裕,79344,61,4028087,50.50,50.90,50.50,50.80,-,0.10,50.80,1,50.90,3,12.15,
6838,台新藥,2706654,1662,129288551,44.30,48.25,44.30,48.25,+,4.35,48.25,432,0,0,0.00,
6854,錼創科技-KY創,171527,122,16495355,96.50,97.20,95.00,96.80,+,1.80,96.80,1,96.90,1,0.00,
6861,睿生光電,60079,84,4059933,67.70,67.90,67.10,67.70, ,0.00,67.40,2,67.70,2,22.95,
6863,永道-KY,772670,1200,223804648,284.50,295.00,280.50,288.00,+,1.00,288.00,14,288.50,2,33.72,
6869,雲豹能源,11432388,18038,2769254823,240.50,249.50,237.00,240.00,+,2.00,240.00,66,240.50,8,42.18,
6873,泓德能源,3468027,3200,941117786,276.50,282.00,263.00,263.00,-,12.50,263.00,9,263.50,1,35.54,
6890,來億-KY,1945698,3032,672989502,365.00,365.00,331.00,349.50,-,17.50,349.00,2,349.50,9,63.20,
6901,鑽石投資,652009,435,26280933,39.80,40.75,39.80,40.40,+,0.25,40.35,11,40.45,4,0.00,
6902,走著瞧-創,10000,10,1530000,150.00,155.00,150.00,152.50,+,2.50,152.50,2,155.00,3,0.00,
6906,現觀科,1091219,2084,197035736,176.00,184.50,174.50,175.00,-,3.50,175.00,1,175.50,1,48.88,
6914,阜爾運通,31943,294,4554302,142.50,144.00,141.50,144.00,-,0.50,143.00,2,145.50,2,18.70,
6916,華凌,19020,13,490623,26.15,26.15,25.60,25.75,-,0.40,25.65,1,25.75,13,47.69,
6923,中台,618391,540,56268061,90.30,91.90,90.20,90.80,+,0.90,90.80,2,90.90,5,23.71,
6928,攸泰科技,1168775,1069,83892048,72.60,72.60,69.00,72.20,+,6.20,71.80,4,72.30,6,37.03,
6933,AMAX-KY,100855,464,22957370,229.00,233.00,225.00,228.00,-,1.50,226.50,2,228.00,1,51.47,
6937,天虹,639513,3786,182777642,288.00,291.00,282.00,283.50,-,4.50,283.00,3,283.50,1,46.10,
6949,沛爾生醫-創,32100,20,2558910,80.00,80.80,79.00,80.80,-,0.20,80.00,1,80.80,1,0.00,
6951,青新-創,31239,32,1824023,58.20,58.80,58.00,58.80,+,0.30,58.50,1,58.80,5,20.14,
6952,大武山,48780,53,2429559,49.45,50.00,49.45,50.00,+,0.60,49.65,1,50.00,4,23.36,
6957,裕慶-KY,218457,205,50937691,229.00,236.00,228.00,234.50,+,3.50,233.50,2,235.00,5,14.71,
6958,日盛台駿,368301,300,11671822,31.95,32.00,31.30,32.00,+,0.25,31.80,10,32.00,45,26.02,
6969,成信實業*-創,180148,113,11228646,62.90,62.90,61.00,62.20,-,0.70,62.10,3,62.20,2,0.00,
8011,台通,1818251,1186,47058960,26.00,26.25,25.70,25.70,-,0.30,25.70,146,25.80,56,39.54,
8016,矽創,327773,459,75698888,230.00,235.00,228.50,228.50,-,3.50,228.50,8,230.00,2,14.11,
8021,尖點,1636883,1227,57815286,36.00,36.05,34.90,35.15,-,0.85,35.10,4,35.15,15,31.11,
8028,昇陽半導體,11563037,8050,1462362157,130.00,130.00,124.50,125.50,-,5.00,125.00,319,125.50,44,76.06,
8033,雷虎,1881938,1308,113189472,59.60,62.00,58.90,60.00,+,0.40,59.90,8,60.00,2,146.34,
8039,台虹,3702607,2825,223113570,60.60,60.90,59.70,59.90,-,1.40,59.90,13,60.00,20,18.04,
8046,南電,1358560,1936,193538089,140.50,144.00,140.00,142.50, ,0.00,142.00,58,142.50,46,48.80,
8070,長華*,9617874,6493,595474724,63.00,63.80,60.70,61.10,-,2.60,61.10,110,61.20,39,28.03,
8072,陞泰,54541,93,1501413,27.70,27.70,27.40,27.65, ,0.00,27.45,1,27.65,1,25.84,
8081,致新,412088,644,93551027,227.00,230.00,224.50,224.50,-,2.50,224.50,8,225.50,3,12.37,
8103,瀚荃,1329457,990,80355609,61.80,61.80,60.00,60.40,-,1.70,60.40,2,60.50,8,16.32,
8104,錸寶,4202793,3044,188264593,42.50,46.00,42.30,44.30,+,2.25,44.30,8,44.35,2,0.00,
8105,凌巨,1935419,1042,33195506,17.20,17.45,17.00,17.00,-,0.20,17.00,54,17.05,36,62.96,
8110,華東,1147495,706,20042177,17.60,17.65,17.30,17.45,-,0.15,17.45,5,17.50,19,41.55,
8112,至上,3270562,1952,216619428,66.60,67.20,65.80,65.90,-,0.90,65.90,89,66.00,57,13.08,
8112A,至上甲特,25309,17,1081170,42.75,42.75,42.70,42.70,-,0.05,42.70,5,42.75,7,0.00,
8114,振樺電,823853,1068,171804555,202.50,212.00,200.50,209.50,+,8.00,209.00,6,209.50,2,29.10,
8131,福懋科,199740,141,7283025,36.60,36.70,36.40,36.40,-,0.25,36.40,2,36.45,1,23.04,
8150,南茂,3741921,2110,141415071,37.85,38.10,37.50,37.50,-,0.15,37.50,43,37.65,1,13.99,
8162,微矽電子-創,21000,19,730100,34.75,35.00,34.55,35.00,-,0.35,34.55,2,35.00,2,56.45,
8163,達方,539619,543,26815247,50.20,50.20,49.50,49.65,-,0.65,49.65,1,49.70,2,8.65,
8201,無敵,121472,135,2152282,17.70,17.90,17.55,17.70, ,0.00,17.65,1,17.70,8,0.00,
8210,勤誠,1969256,3593,527867336,273.00,274.00,265.50,265.50,-,9.50,265.50,9,266.00,5,19.68,
8213,志超,440692,459,16960499,38.60,38.75,38.20,38.60, ,0.00,38.50,12,38.60,3,10.75,
8215,明基材,275418,279,8562290,31.45,31.45,30.85,30.95,-,0.20,30.90,4,30.95,1,30.05,
8222,寶一,245872,218,9526693,38.40,39.65,38.15,38.50,-,0.25,38.50,8,38.55,7,32.08,
8249,菱光,3131749,2480,192730133,61.20,62.50,60.10,61.00,-,0.20,61.00,50,61.10,8,38.85,
8261,富鼎,382809,453,31539206,82.00,83.30,81.20,82.60,+,0.40,82.50,1,82.70,5,22.94,
8271,宇瞻,263347,290,13789171,53.00,53.00,52.00,52.30,-,0.80,52.20,17,52.30,3,13.11,
8341,日友,252319,411,23271536,92.20,92.80,91.40,92.30,+,0.10,92.10,1,92.40,1,28.31,
8367,建新國際,295212,200,15539321,51.90,53.70,51.80,53.10,+,1.20,52.80,1,53.20,1,15.09,
8374,羅昇,1884410,1584,263292967,138.50,141.50,138.50,139.50,-,0.50,139.50,13,140.00,26,0.00,
8404,百和興業-KY,3714401,899,85431223,23.00,23.00,23.00,23.00,+,2.05,23.00,1874,0,0,0.00,
8411,福貞-KY,403268,231,5792575,14.10,14.60,14.05,14.35,+,0.25,14.30,2,14.35,2,44.84,
8422,可寧衛,82501,765,15317541,185.00,186.50,185.00,185.00,-,1.50,185.00,6,185.50,2,22.62,
8429,金麗-KY,5780167,2049,63571968,10.25,11.20,10.25,11.20,+,1.00,11.20,740,0,0,0.00,
8438,昶昕,429485,348,17939253,42.95,42.95,41.45,41.45,-,1.40,41.45,12,41.55,2,21.59,
8442,威宏-KY,106616,103,11939241,113.00,113.50,111.50,111.50,-,1.50,111.50,11,112.00,3,9.60,
8443,阿瘦,75768,159,895850,11.80,11.85,11.80,11.85,+,0.05,11.80,4,11.85,2,0.00,
8454,富邦媒,377764,2693,149792547,399.00,403.00,392.00,394.00,-,4.00,393.00,3,394.50,4,26.50,
8462,柏文,92999,222,11722196,125.00,127.50,124.00,127.00,+,3.50,127.00,7,127.50,3,41.23,
8463,潤泰材,118378,95,3413089,29.05,29.05,28.65,29.00,+,0.35,28.80,2,29.00,3,28.43,
8464,億豐,869766,1006,444405531,509.00,519.00,504.00,510.00,+,5.00,507.00,7,510.00,32,24.09,
8466,美吉吉-KY,121913,97,7153660,57.90,59.30,57.90,58.60,+,0.50,58.30,1,58.60,2,162.78,
8467,波力-KY,302305,752,82325392,272.00,278.00,267.00,274.50,+,2.50,273.50,4,274.50,2,28.42,
8473,山林水,1538489,851,72092848,46.50,47.60,46.00,46.35, ,0.00,46.35,6,46.40,3,32.19,
8476,台境,479465,83,26219604,54.50,55.00,54.50,54.70,+,0.20,54.50,12,54.90,4,15.07,
8478,東哥遊艇,123762,385,36398677,296.50,297.00,291.00,292.00,-,5.50,292.00,4,293.00,2,12.71,
8481,政伸,24511,22,1252408,51.00,51.20,51.00,51.10,+,0.20,51.10,3,51.20,1,24.81,
8482,商億-KY,12140,19,833539,68.90,68.90,68.40,68.40,-,0.50,68.30,1,68.40,1,20.60,
8487,愛爾達-創,11000,11,802200,73.10,74.60,72.20,73.10,+,0.10,73.00,1,74.50,1,15.82,
8488,吉源-KY,54250,52,882339,16.90,16.90,16.05,16.05,-,0.95,16.05,2,16.10,1,0.00,
8499,鼎炫-KY,29041,30,3382302,117.00,117.00,116.00,116.50,-,0.50,116.50,1,117.00,2,12.72,
8926,台汽電,1471261,1436,66739003,45.00,45.75,45.00,45.30,+,0.35,45.25,1,45.30,11,32.83,
8940,新天地,93601,164,2107308,22.10,22.85,22.10,22.45,+,0.30,22.40,2,22.45,1,49.89,
8996,高力,527808,946,215557947,415.50,415.50,403.50,411.50,-,4.00,410.00,5,411.50,7,69.51,
9103,美德醫療-DR,603190,238,4137121,6.80,6.95,6.80,6.81,+,0.01,6.80,65,6.81,4,0.00,
910322,康師傅-DR,21928,38,494082,22.65,22.65,22.50,22.60,+,0.15,22.50,4,22.70,1,0.00,
9105,泰金寶-DR,10483390,2129,53780848,5.05,5.21,5.03,5.10, ,0.00,5.10,29,5.11,13,0.00,
910861,神州-DR,115001,32,713346,6.22,6.23,6.11,6.22,+,0.02,6.22,217,6.23,7,0.00,
9110,越南控-DR,23000,9,164480,7.15,7.20,7.11,7.20,-,0.01,7.10,8,7.20,2,0.00,
911608,明輝-DR,18000,7,60010,3.45,3.45,3.28,3.28,+,0.08,3.22,1,3.30,6,0.00,
911622,泰聚亨-DR,297141,150,1647085,5.13,5.69,5.13,5.52,+,0.34,5.40,1,5.52,12,0.00,
911868,同方友友-DR,499191,116,751700,1.49,1.52,1.49,1.51,+,0.02,1.50,20,1.51,25,0.00,
912000,晨訊科-DR,2099750,466,6536137,3.03,3.15,3.03,3.13,+,0.10,3.11,38,3.13,254,0.00,
9136,巨騰-DR,170050,102,1105206,6.46,6.57,6.44,6.50,+,0.05,6.46,10,6.50,15,0.00,
9802,鈺齊-KY,572333,511,70416935,122.50,124.00,122.00,124.00,+,1.50,123.50,1,124.00,65,21.64,
9902,台火,277249,176,5329906,19.10,19.45,19.00,19.15, ,0.00,19.10,16,19.15,14,26.23,
9904,寶成,14900195,6093,541522368,35.70,36.70,35.70,36.15,+,0.45,36.10,296,36.15,108,7.50,
9905,大華,112360,83,2606398,23.20,23.25,23.15,23.20,+,0.05,23.20,9,23.25,37,15.26,
9906,欣巴巴,701704,923,104429755,152.00,152.00,147.00,149.00,-,3.00,149.00,6,149.50,1,163.74,
9907,統一實,3606302,1451,60638512,16.80,17.00,16.65,16.75,+,0.05,16.70,94,16.75,4,38.07,
9908,大台北,122650,118,3737802,30.50,30.55,30.45,30.50,+,0.05,30.45,1,30.50,9,14.66,
9910,豐泰,1514072,1267,235887467,155.00,157.00,153.50,156.00,+,3.00,155.50,12,156.00,77,26.17,
9911,櫻花,315416,497,27422284,87.00,87.70,86.60,87.70,+,0.30,86.90,1,87.70,14,14.52,
9912,偉聯,69218,72,873451,12.55,12.70,12.55,12.65,+,0.10,12.55,10,12.65,10,0.00,
9914,美利達,494843,7389,114463235,232.00,233.50,229.50,230.00,-,3.50,230.00,5,231.00,3,45.10,
9917,中保科,372590,375,51557960,139.00,139.50,138.00,138.00, ,0.00,138.00,10,139.00,13,22.26,
9918,欣天然,27705,30,1144201,41.60,41.60,41.15,41.25,-,0.05,40.95,1,41.60,4,18.09,
9919,康那香,385964,277,7685614,19.85,20.05,19.80,19.90,+,0.10,19.85,10,19.90,9,4.84,
9921,巨大,1455278,1327,328180215,231.00,231.00,224.00,224.00,-,5.00,224.00,51,225.50,2,28.75,
9924,福興,226058,252,12861965,57.00,57.30,56.60,57.00, ,0.00,56.60,7,57.00,41,9.73,
9925,新保,97779,189,4078389,41.75,41.80,41.60,41.80,-,0.10,41.60,9,41.80,10,17.64,
9926,新海,3080,10,168585,54.80,54.80,54.70,54.70,-,0.10,54.50,1,54.80,3,20.72,
9927,泰銘,637987,788,44283084,70.00,70.00,69.00,69.10,-,1.10,69.00,99,69.10,2,10.10,
9928,中視,36575,38,728750,19.90,20.05,19.90,19.95, ,0.00,19.95,25,20.00,4,45.34,
9929,秋雨,4001,4,64565,16.10,16.15,16.10,16.15,+,0.05,15.90,2,16.15,3,0.00,
9930,中聯資源,62064,134,4116798,66.30,66.60,66.10,66.20,-,0.10,66.20,10,66.30,1,16.23,
9931,欣高,15443,15,537427,34.80,35.00,34.50,34.50,-,0.30,34.40,1,34.50,8,16.27,
9933,中鼎,1377123,1358,65314252,47.00,47.80,47.00,47.30,-,0.55,47.30,36,47.40,11,18.12,
9934,成霖,652112,403,11599986,18.00,18.00,17.70,17.75,-,0.25,17.70,107,17.75,14,9.81,
9935,慶豐富,2328453,1474,76936478,33.80,33.80,32.50,32.95,-,0.60,32.95,15,33.00,20,19.16,
9937,全國,122034,70,8046017,65.90,66.50,65.80,66.20,+,0.20,66.00,17,66.20,1,25.96,
9938,百和,13813894,11374,1041525472,75.20,78.50,73.00,73.00,-,0.90,73.00,24,73.10,1,20.62,
9939,宏全,474141,9896,77966109,167.00,168.50,163.00,163.00,-,4.00,163.00,34,164.00,6,16.43,
9940,信義,326230,234,10049593,30.80,31.05,30.55,30.65,-,0.35,30.60,5,30.65,4,11.97,
9941,裕融,1077797,2651,162857925,153.50,153.50,149.50,151.00,-,0.50,150.50,1,151.00,55,18.17,
9941A,裕融甲特,16000,8,817000,51.00,51.10,51.00,51.10,-,0.10,50.90,5,51.20,5,0.00,
9942,茂順,24498,63,2798995,114.00,114.50,114.00,114.50, ,0.00,114.50,11,115.00,4,11.29,
9943,好樂迪,30083,95,2506694,83.70,83.70,83.00,83.30,-,0.10,83.00,9,83.40,6,15.23,
9944,新麗,165109,132,3357655,20.20,20.50,20.15,20.40,+,0.10,20.35,1,20.40,19,60.00,
9945,潤泰新,11680755,6174,568529577,48.15,49.10,47.90,48.95,+,0.75,48.85,5,48.95,145,10.07,
9946,三發地產,244515,218,7024491,28.85,28.90,28.55,28.75,-,0.10,28.70,5,28.80,1,38.85,
9955,佳龍,1051235,1338,38417822,37.10,37.10,36.20,36.40,-,0.60,36.40,9,36.45,2,0.00,
9958,世紀鋼,7748857,7412,1764692352,235.00,238.00,220.50,222.00,-,11.00,222.00,20,222.50,10,28.79,
