1101,台泥,20157051,7939,653210333,32.00,32.65,31.90,32.60,+,0.60,32.55,236,32.60,321,31.65,
1101B,台泥乙特,2006,3,97138,48.30,48.55,48.30,48.55, ,0.00,48.20,1,48.50,4,0.00,
1102,亞泥,8049235,4835,341868957,42.20,42.70,42.10,42.70,+,0.70,42.60,4,42.70,196,13.91,
1103,嘉泥,775507,1017,13857820,17.75,18.00,17.70,17.80,+,0.25,17.80,35,17.85,9,148.33,
1104,環泥,1442283,1330,48157531,33.30,33.75,33.05,33.40,+,0.30,33.35,3,33.40,16,10.67,
1108,幸福,3447482,1421,58812349,16.80,17.40,16.75,16.95,+,0.25,16.90,17,16.95,64,13.04,
1109,信大,567844,335,11004119,19.30,19.50,19.20,19.40,+,0.25,19.35,8,19.40,2,9.65,
1110,東泥,289411,202,5451451,18.65,19.20,18.50,18.90,+,0.30,18.80,5,18.90,10,72.69,
1201,味全,609441,618,11360903,18.35,18.80,18.35,18.70,+,0.30,18.70,3,18.75,48,35.28,
1203,味王,9346,179,443458,47.80,47.80,47.05,47.60,+,0.60,47.00,1,47.70,1,26.44,
1210,大成,4127343,3031,232664215,56.20,56.90,55.90,56.40,+,0.90,56.40,18,56.50,1,11.73,
1213,大飲,93212,15,672609,7.20,7.23,7.20,7.23,+,0.11,7.13,1,7.29,8,0.00,
1215,卜蜂,400239,929,41485049,103.50,105.00,102.50,103.50, ,0.00,103.50,8,104.00,4,13.44,
1216,統一,13819575,8931,1080962679,76.50,78.90,76.50,78.90,+,2.90,78.80,9,78.90,314,24.43,
1217,愛之味,1530866,745,18136181,11.75,11.95,11.70,11.95,+,0.20,11.90,25,11.95,166,29.15,
1218,泰山,1220592,722,25725739,20.75,21.25,20.60,21.10,+,0.55,21.05,56,21.10,4,0.00,
1219,福壽,378526,264,7114738,18.80,18.85,18.70,18.85,+,0.15,18.85,2,18.90,48,20.05,
1220,台榮,372975,642,5606301,15.00,15.15,14.90,15.05,+,0.05,15.05,28,15.10,3,19.80,
1225,福懋油,20957,42,1204044,58.30,58.30,57.20,57.80,+,0.30,57.40,6,57.90,4,36.12,
1227,佳格,541188,437,20261556,37.40,37.65,37.15,37.60,+,0.30,37.55,1,37.65,2,27.85,
1229,聯華,992022,1322,64774059,65.00,65.80,65.00,65.50,+,0.20,65.50,13,65.60,25,24.81,
1231,聯華食,252992,377,24377557,95.80,97.80,95.70,97.40,+,1.60,97.10,2,97.40,2,24.78,
1232,大統益,61047,154,8798148,144.50,144.50,143.50,144.50,+,1.00,144.00,13,144.50,4,19.19,
1233,天仁,23227,32,768104,33.30,33.30,33.00,33.10,-,0.20,33.05,1,33.10,1,31.23,
1234,黑松,92405,123,3828761,41.55,41.55,41.25,41.45,+,0.30,41.45,1,41.50,16,17.56,
1235,興泰,3577,15,290169,81.70,81.90,81.40,81.90,+,0.30,81.30,5,81.60,1,31.38,
1236,宏亞,87654,798,2051444,23.40,23.40,23.30,23.30,+,0.10,23.30,3,23.35,5,129.44,
1256,鮮活果汁-KY,34406,319,7206004,213.00,213.00,208.00,208.00,-,3.00,208.00,1,208.50,1,16.76,
1301,台塑,11046485,6601,763376289,67.90,69.90,67.60,69.70,+,2.60,69.70,60,69.80,302,60.61,
1303,南亞,10628295,5975,606161947,56.10,57.60,56.10,57.30,+,2.30,57.30,55,57.40,32,71.62,
1304,台聚,2337344,1209,38149688,16.00,16.55,16.00,16.25,+,0.25,16.20,113,16.25,1,0.00,
1305,華夏,2331127,1261,42307900,18.00,18.35,17.90,18.20,+,0.25,18.20,69,18.25,20,30.85,
1307,三芳,673339,476,19589165,28.60,29.40,28.30,29.40,+,0.80,29.35,1,29.40,25,15.39,
1308,亞聚,1671708,948,31847178,18.75,19.30,18.70,19.05,+,0.45,19.05,25,19.10,18,95.25,
1309,台達化,696956,440,10691265,15.05,15.50,15.05,15.45,+,0.35,15.40,17,15.45,6,0.00,
1310,台苯,900463,542,11760465,12.85,13.20,12.85,13.05,+,0.20,13.05,2,13.10,19,0.00,
1312,國喬,3597589,1321,47531714,12.95,13.30,12.95,13.15,+,0.25,13.15,134,13.20,32,0.00,
1312A,國喬特,0,0,0,0,0,0,0, ,0.00,25.00,1,25.30,5,0.00,
1313,聯成,1292598,786,17393624,13.25,13.60,13.20,13.45,+,0.15,13.40,69,13.45,7,0.00,
1314,中石化,113555531,19899,1158987701,9.90,10.50,9.90,10.20,+,0.39,10.15,760,10.20,394,0.00,
1315,達新,31054,26,2204792,71.40,71.40,70.60,70.90,+,0.40,70.90,2,71.00,1,19.37,
1316,上曜,12089997,4081,226549578,17.80,19.15,17.75,19.15,+,1.70,19.15,32087,0,0,0.00,
1319,東陽,4244348,3115,518963968,123.00,126.50,120.00,121.00,-,2.50,120.50,8,121.50,112,23.73,
1321,大洋,773580,496,29039478,37.05,38.20,36.85,37.35,+,0.65,37.25,3,37.35,1,42.44,
1323,永裕,57697,67,1791434,31.10,31.20,31.00,31.10, ,0.00,31.05,1,31.10,4,33.44,
1324,地球,141905,112,2128017,15.00,15.15,14.90,14.95,-,0.20,14.90,5,15.00,2,28.21,
1325,恆大,829923,603,23564445,28.00,28.80,27.90,28.30,+,0.65,28.25,1,28.40,1,134.76,
1326,台化,10811833,5303,588766160,53.10,55.30,53.00,55.10,+,2.70,55.10,20,55.20,88,37.74,
1337,再生-KY,620671,343,4503553,7.22,7.32,7.12,7.21,+,0.09,7.20,7,7.21,4,0.00,
1338,廣華-KY,74730,206,2537545,33.10,34.50,33.10,33.65,+,0.30,33.65,9,33.75,1,0.00,
1339,昭輝,777307,727,53664202,69.40,72.00,67.00,68.10,-,0.70,68.10,3,68.40,1,11.58,
1340,勝悅-KY,106696,474,1065129,9.93,10.05,9.93,9.99,+,0.06,9.99,3,10.00,1,0.00,
1341,富林-KY,16705,47,1051634,63.00,63.00,62.80,63.00,+,0.10,63.00,1,63.10,2,14.16,
1342,八貫,317561,445,38786487,122.50,124.50,121.00,121.00,-,2.00,121.00,11,122.00,2,16.29,
1402,遠東新,4892402,2385,157583485,31.70,32.50,31.60,32.40,+,1.25,32.35,15,32.40,32,21.04,
1409,新纖,7969646,2548,131848461,16.35,16.75,16.30,16.55,+,0.35,16.50,55,16.55,7,35.21,
1410,南染,28179,28,993225,34.70,35.50,34.70,35.25,+,0.40,35.15,7,35.25,1,146.88,
1413,宏洲,27701,23,251405,9.16,9.16,9.00,9.09,+,0.09,9.08,9,9.14,1,0.00,
1414,東和,2772898,1222,55363473,18.55,20.40,18.55,19.90,+,1.35,19.85,2,19.90,26,132.67,
1416,廣豐,2718591,1059,35608317,12.85,13.45,12.75,13.05,+,0.30,13.00,33,13.05,10,25.59,
1417,嘉裕,638520,304,7135186,11.00,11.30,11.00,11.20,+,0.25,11.15,3,11.20,27,0.00,
1418,東華,30367,226,957153,31.55,31.70,31.30,31.30,-,0.25,31.25,4,31.40,1,42.30,
1419,新紡,755591,448,37918860,48.00,51.90,46.95,49.60,+,2.40,49.50,2,49.65,1,22.86,
1423,利華,52012,32,1619021,30.95,31.20,30.95,31.05,+,0.10,31.05,2,31.10,1,43.73,
1432,大魯閣,232189,348,4058902,17.35,17.80,17.30,17.35, ,0.00,17.35,14,17.40,1,25.90,
1434,福懋,2136534,1173,48034202,22.15,22.70,22.15,22.60,+,0.55,22.60,11,22.65,33,86.92,
1435,中福,18295,43,813481,45.80,46.80,43.55,45.40,-,2.40,44.00,5,47.30,1,0.00,
1436,華友聯,659814,677,76795459,117.00,120.00,112.50,115.50,-,1.50,115.00,13,115.50,4,12.17,
1437,勤益控,1240914,182,38461277,32.30,33.15,32.20,32.35,+,0.40,32.30,4,32.35,2,11.47,
1438,三地開發,777232,580,43831160,56.00,58.50,54.80,54.80,-,0.50,54.80,20,55.00,7,0.00,
1439,雋揚,1194611,757,34369065,26.50,29.00,26.50,29.00,+,2.60,29.00,20,0,0,14.50,
1440,南紡,16354673,4154,276264568,15.65,17.10,15.65,17.10,+,1.55,17.10,19019,0,0,13.46,
1441,大東,34227,174,446451,13.10,13.10,12.95,13.10, ,0.00,13.00,1,13.10,2,0.00,
1442,名軒,6009011,3650,306018913,51.40,52.20,49.35,49.95,-,0.45,49.90,10,49.95,8,10.61,
1443,立益物流,389352,294,12380958,32.35,33.25,30.70,31.85,-,1.45,31.15,1,32.00,4,24.69,
1444,力麗,2713185,981,25303067,9.15,9.40,9.15,9.35,+,0.20,9.34,16,9.35,25,0.00,
1445,大宇,330030,248,7264699,22.15,22.15,21.85,21.90,-,0.05,21.90,8,21.95,5,2.84,
1446,宏和,224320,169,7727702,34.15,34.95,34.15,34.35,+,0.45,34.30,1,34.40,7,42.94,
1447,力鵬,1985907,651,15738963,7.83,7.99,7.82,7.90,+,0.10,7.90,65,7.91,19,0.00,
1449,佳和,312110,589,5688705,18.10,18.40,18.05,18.20,+,0.10,18.20,16,18.25,4,30.33,
1451,年興,129107,196,2585634,20.05,20.15,19.90,20.15,+,0.05,20.10,4,20.15,17,0.00,
1452,宏益,138938,84,2341972,16.75,16.95,16.75,16.85,+,0.10,16.85,1,16.90,7,43.21,
1453,大將,1406509,1035,31551987,22.15,23.90,21.00,21.00,-,1.30,21.00,10,21.20,1,36.84,
1454,台富,45142,46,684306,15.35,15.40,14.80,15.40,+,0.15,15.25,40,15.40,1,96.25,
1455,集盛,9052196,3185,123095531,13.00,13.95,13.00,13.80,+,0.90,13.75,1,13.80,79,0.00,
1456,怡華,770047,511,16448800,20.80,21.95,20.70,20.70,+,0.20,20.70,5,20.80,7,414.00,
1457,宜進,7518560,2748,160916786,20.20,22.00,20.15,20.70,+,0.70,20.65,10,20.70,16,8.12,
1459,聯發,68082,67,666827,9.75,9.84,9.62,9.80,+,0.23,9.78,1,9.80,1,140.00,
1460,宏遠,542325,294,4210723,7.60,7.85,7.60,7.85,+,0.25,7.82,3,7.85,24,0.00,
1463,強盛,109752,79,1988540,18.20,18.35,18.00,18.15,+,0.25,18.10,6,18.20,3,27.92,
1464,得力,218829,262,2836268,12.95,13.00,12.90,12.95, ,0.00,12.95,6,13.00,10,99.62,
1465,偉全,41130,42,614164,14.80,15.05,14.80,15.00,+,0.10,14.95,2,15.00,25,26.79,
1466,聚隆,161108,93,2016265,12.15,12.90,12.15,12.40,+,0.30,12.40,9,12.45,4,0.00,
1467,南緯,1834519,408,21209921,11.60,11.75,11.45,11.55, ,0.00,11.50,128,11.55,2,0.00,
1468,昶和,48000,39,572050,11.80,12.25,11.65,11.95,+,0.10,11.85,5,11.95,2,70.29,
1470,大統新創,42035,39,861867,19.85,21.00,19.85,20.50,+,1.15,20.15,2,20.65,1,35.34,
1471,首利,867350,442,12708166,14.55,15.15,14.45,14.45,-,0.25,14.45,19,14.50,1,0.00,
1472,三洋實業,154235,149,12419442,79.00,81.50,79.00,79.80,+,0.80,79.60,1,80.00,1,23.89,
1473,台南,213332,173,6445745,29.85,30.50,29.85,30.40,+,0.45,30.30,2,30.40,4,14.27,
1474,弘裕,220553,134,2845270,12.95,12.95,12.80,12.80,-,0.15,12.80,28,12.85,2,0.00,
1475,業旺,100652,82,5387764,54.60,54.60,53.10,53.10,-,1.00,53.10,7,53.30,1,12.61,
1476,儒鴻,1497020,1635,745630694,494.50,505.00,487.50,498.00,+,11.00,497.50,3,498.00,3,26.39,
1477,聚陽,3128323,2942,1213437248,382.50,394.00,380.50,387.00,+,6.50,386.50,5,387.00,19,23.45,
1503,士電,25894134,32792,8341780386,338.00,343.00,302.50,314.00,-,13.50,314.00,80,314.50,18,69.62,
1504,東元,34410543,22303,2026422556,60.80,60.90,57.50,58.50,-,1.40,58.40,4,58.50,38,21.20,
1506,正道,271195,125,4372240,16.15,16.25,16.00,16.20,+,0.05,16.10,37,16.25,3,55.86,
1512,瑞利,51367,184,525136,10.20,10.40,10.15,10.30,+,0.15,10.20,2,10.30,2,257.50,
1513,中興電,51797610,38956,10029222551,201.50,202.50,184.00,185.00,-,12.50,184.50,223,185.00,319,57.63,
1514,亞力,4607582,5733,729608209,170.00,171.00,150.00,151.50,-,13.50,151.50,8,152.00,25,49.19,
1515,力山,900030,710,43749986,49.20,49.20,47.80,48.30,-,0.10,48.30,8,48.45,8,28.41,
1516,川飛,144023,88,2493841,17.50,17.80,17.20,17.20,-,0.10,17.20,29,17.25,1,50.59,
1517,利奇,279648,422,4393787,15.90,15.90,15.60,15.60,-,0.20,15.60,54,15.65,2,0.00,
1519,華城,11536739,15014,10298153588,930.00,952.00,824.00,824.00,-,91.00,824.00,11,825.00,7,83.49,
1521,大億,25325,57,961296,37.20,38.25,37.20,38.10,+,0.90,38.10,6,38.30,1,68.04,
1522,堤維西,1835104,1814,89973693,49.65,50.30,48.20,48.25,-,1.55,48.25,39,48.35,4,15.08,
1522A,堤維西甲特,0,0,0,0,0,0,0, ,0.00,45.30,3,46.00,1,0.00,
1524,耿鼎,2479121,1528,84428661,34.35,34.65,33.70,33.70,-,0.65,33.70,38,33.75,5,15.82,
1525,江申,29265,38,1994475,68.10,68.50,68.00,68.10, ,0.00,68.10,3,68.20,1,12.38,
1526,日馳,102512,271,3498242,33.85,34.50,33.85,34.10,+,0.15,34.10,2,34.15,1,44.87,
1527,鑽全,249564,443,10256897,41.00,41.30,40.90,41.20,+,0.20,41.15,7,41.20,2,15.43,
1528,恩德,1289770,658,15472772,12.00,12.25,11.85,11.90,-,0.10,11.90,1,11.95,12,0.00,
1529,樂事綠能,5001710,2921,179408994,36.75,37.10,34.85,35.00,-,1.50,35.00,18,35.05,3,38.04,
1530,亞崴,58981,149,1889539,32.30,32.30,32.00,32.00,-,0.20,32.00,9,32.10,1,14.68,
1531,高林股,56222,106,759046,13.40,13.60,13.35,13.50,+,0.20,13.45,15,13.50,5,168.75,
1532,勤美,11829708,6187,507997119,42.85,44.45,41.35,42.20,+,0.05,42.20,13,42.25,6,16.55,
1533,車王電,139147,102,6219705,44.20,45.00,44.15,44.70,+,0.65,44.70,1,44.80,3,0.00,
1535,中宇,3052104,4006,259635196,92.20,92.90,80.60,81.00,-,8.50,80.90,3,81.00,3,18.00,
1536,和大,1057593,991,55039245,53.10,53.10,51.40,51.90,-,0.70,51.90,13,52.00,32,44.36,
1537,廣隆,377485,380,51354042,137.00,138.50,135.00,137.00,-,0.50,137.00,2,137.50,34,18.46,
1538,正峰,3038,40,50796,16.50,17.00,16.50,17.00,X,0.00,15.65,1,17.00,4,0.00,
1539,巨庭,96559,76,2269425,23.60,23.80,23.35,23.45,-,0.15,23.40,19,23.50,1,24.43,
1540,喬福,1055340,748,21605852,20.30,20.75,20.20,20.30,+,0.15,20.30,26,20.35,2,15.62,
1541,錩泰,5000,5,159250,31.95,31.95,31.65,31.95, ,0.00,31.95,1,32.00,5,21.88,
1558,伸興,75053,393,7322428,97.60,97.90,97.40,97.40,+,0.20,97.40,4,97.60,1,25.56,
1560,中砂,4018201,3802,912383665,235.00,236.00,220.00,221.00,-,12.00,221.00,25,221.50,2,37.58,
1568,倉佑,393646,269,11085482,28.40,28.50,27.95,28.00,-,0.35,28.00,11,28.05,5,10.49,
1582,信錦,1629605,1535,142219366,89.10,89.10,86.40,86.80,-,1.60,86.80,1,86.90,2,19.04,
1583,程泰,89023,82,6289636,72.10,72.10,70.00,70.30,-,1.80,70.10,3,70.40,2,10.88,
1587,吉茂,3082776,2198,134978587,46.35,46.50,42.70,42.70,-,4.70,0,0,42.70,18,70.00,
1589,永冠-KY,617227,883,30314531,49.80,50.10,48.50,49.05,-,0.35,49.00,30,49.05,3,0.00,
1590,亞德客-KY,570453,667,614200420,1060.00,1100.00,1055.00,1080.00,+,25.00,1080.00,31,1085.00,4,31.01,
1597,直得,324947,288,20840643,65.00,65.50,63.50,63.80,-,0.80,63.70,4,63.90,3,56.96,
1598,岱宇,209076,159,6369809,30.40,30.70,30.10,30.50,+,0.40,30.50,8,30.55,2,0.00,
1603,華電,24192905,13091,1258214866,54.70,56.40,47.80,47.80,-,5.30,0,0,47.80,674,15.99,
1604,聲寶,873767,512,25378203,28.80,29.30,28.80,29.00,+,0.30,28.95,4,29.00,3,14.50,
1605,華新,42258394,18402,1635617896,39.20,39.70,37.90,38.00,-,0.85,38.00,115,38.05,4,29.92,
1608,華榮,61043606,32941,2478101845,43.00,43.90,38.25,38.25,-,4.20,0,0,38.25,1621,17.15,
1609,大亞,184065000,93998,11299714467,65.30,66.20,57.80,57.80,-,6.40,0,0,57.80,10072,15.29,
1611,中電,3834753,1786,68567374,18.15,18.50,17.50,17.50,-,0.55,17.50,41,17.55,39,38.04,
1612,宏泰,28769814,15339,1127599268,41.60,42.30,37.00,37.00,-,4.10,37.00,726,37.05,11,18.59,
1614,三洋電,1790126,858,73568643,40.25,41.70,40.10,41.05,+,1.05,41.00,9,41.05,11,33.10,
1615,大山,3173243,2806,201953619,64.90,67.90,60.40,60.40,-,3.60,60.30,14,60.40,1,18.82,
1616,億泰,18681095,10022,540515452,30.00,30.75,26.25,28.05,-,0.20,28.00,41,28.05,3,23.57,
1617,榮星,39301616,14980,1199674166,30.60,32.80,27.00,27.00,-,2.95,0,0,27.00,1160,300.00,
1618,合機,42313587,24953,2683169883,68.00,69.80,57.80,57.80,-,6.40,0,0,57.80,3336,28.76,
1626,艾美特-KY,87730,200,1404824,15.85,16.25,15.85,15.95,+,0.10,15.95,3,16.00,1,93.82,
1701,中化,970567,483,20960285,21.30,21.85,21.30,21.65,+,0.35,21.65,8,21.70,4,20.05,
1702,南僑,594713,455,33273508,56.00,56.40,55.50,56.00,+,0.20,55.90,2,56.00,45,13.33,
1707,葡萄王,209258,329,32405087,155.50,156.00,154.00,154.00,-,1.00,154.00,39,154.50,2,15.70,
1708,東鹼,711480,544,21980669,30.80,31.20,30.60,30.80,+,0.35,30.75,6,30.85,4,0.00,
1709,和益,731288,334,14067352,19.30,19.40,19.10,19.35,+,0.25,19.30,45,19.35,3,21.99,
1710,東聯,1381081,705,23794320,17.05,17.40,17.00,17.20,+,0.20,17.20,17,17.25,9,57.33,
1711,永光,1567872,914,31321703,19.50,20.15,19.50,20.05,+,0.55,20.00,9,20.05,17,125.31,
1712,興農,1354592,1020,53394262,39.60,39.70,39.15,39.55,+,0.50,39.50,4,39.55,6,15.82,
1713,國化,183182,131,8084758,44.50,44.60,43.35,44.25,+,0.75,44.20,1,44.25,1,19.07,
1714,和桐,1305585,597,11501203,8.76,8.84,8.76,8.81,+,0.05,8.80,23,8.81,56,14.68,
1717,長興,1404833,820,43636184,31.00,31.30,30.80,31.00,+,0.50,31.00,9,31.10,6,24.22,
1718,中纖,3357404,1247,24832331,7.26,7.48,7.26,7.41,+,0.18,7.41,50,7.42,43,0.00,
1720,生達,376257,423,23073027,61.40,61.60,61.10,61.50,+,0.60,61.50,1,61.60,6,13.17,
1721,三晃,754835,527,10776403,14.05,14.50,14.05,14.20,+,0.15,14.20,51,14.25,1,0.00,
1722,台肥,6465438,3913,410276152,63.10,64.50,62.80,63.20,+,0.80,63.20,51,63.30,2,15.80,
1723,中碳,281470,297,31677998,112.00,113.50,112.00,112.00, ,0.00,112.00,181,113.00,41,18.12,
1725,元禎,598378,431,20525850,35.65,35.65,33.15,34.50,-,0.10,34.30,1,34.55,3,31.36,
1726,永記,17699,49,1387762,78.70,78.90,78.30,78.30, ,0.00,78.20,1,78.50,1,15.26,
1727,中華化,632394,494,18453147,28.80,29.60,28.80,29.00,+,0.20,28.95,12,29.00,7,78.38,
1730,花仙子,84523,107,4729490,56.10,56.20,55.50,56.10, ,0.00,55.90,1,56.00,1,15.37,
1731,美吾華,316680,281,7579601,23.60,24.25,23.60,23.80,+,0.10,23.80,11,23.85,1,18.74,
1732,毛寶,2096339,1104,60671697,26.95,29.35,26.95,29.35,+,2.65,29.35,128,0,0,0.00,
1733,五鼎,423591,377,14220800,33.60,33.95,33.30,33.45,-,0.05,33.45,6,33.70,3,28.84,
1734,杏輝,656587,456,23621705,35.65,36.30,35.65,35.95,+,0.25,35.90,2,35.95,1,16.05,
1735,日勝化,62663,325,1049081,16.75,16.80,16.65,16.70,-,0.05,16.65,13,16.75,1,21.97,
1736,喬山,953127,1130,71416806,75.00,75.80,74.20,74.40,-,0.10,74.30,5,74.40,7,31.79,
1737,臺鹽,1482633,1291,51152098,34.80,35.10,34.05,34.10,-,0.10,34.10,11,34.15,1,22.73,
1752,南光,171203,129,7597164,44.10,44.85,44.10,44.15,+,0.05,44.15,6,44.20,2,22.53,
1760,寶齡富錦,432595,429,42138705,96.40,98.40,96.40,97.10,+,0.80,97.10,1,97.30,2,107.89,
1762,中化生,280693,384,12561431,43.80,45.25,43.80,44.95,+,1.15,44.90,2,44.95,1,13.14,
1773,勝一,1084651,1989,186810182,177.00,177.00,169.50,172.00,-,5.00,170.50,6,172.00,18,27.26,
1776,展宇,25855,25,435377,16.90,17.00,16.75,16.90,+,0.05,16.85,3,16.90,1,39.30,
1783,和康生,124380,138,5291857,42.30,42.95,42.05,42.35,+,0.30,42.35,9,42.45,1,22.77,
1786,科妍,445563,813,46187796,104.00,106.00,101.50,103.00,-,1.00,103.00,3,103.50,7,39.16,
1789,神隆,1061416,745,28916913,27.10,27.55,26.80,27.45,+,0.70,27.40,14,27.45,6,76.25,
1795,美時,4675028,7614,1474600897,313.00,321.50,311.00,313.00,+,1.50,312.50,30,313.00,4,20.17,
1802,台玻,4609372,1626,78531572,16.70,17.25,16.70,16.95,+,0.35,16.95,23,17.00,19,1695.00,
1805,寶徠,1526634,838,32153786,20.40,21.90,20.15,20.60,+,0.50,20.50,1,20.60,1,0.00,
1806,冠軍,604840,244,6152136,10.00,10.30,10.00,10.25,+,0.26,10.20,12,10.25,12,0.00,
1808,潤隆,10354937,5680,1113827764,105.00,111.00,104.50,106.50,+,3.00,106.00,149,106.50,94,6.24,
1809,中釉,1455051,1067,33248467,22.85,23.20,22.55,22.65,-,0.20,22.60,37,22.65,15,0.00,
1810,和成,4793068,2069,93655721,19.65,20.20,19.00,19.00,-,0.95,19.00,75,19.05,5,316.67,
1817,凱撒衛,245887,203,9004379,36.70,36.90,36.50,36.50,-,0.30,36.50,9,36.55,2,11.16,
1903,士紙,4793445,3853,296603029,57.70,63.40,57.70,60.60,+,2.90,60.50,3,60.60,30,183.64,
1904,正隆,1768142,1286,51199855,28.40,29.30,28.40,29.10,+,0.90,29.05,26,29.10,31,35.06,
1905,華紙,9945203,4509,230357167,22.35,23.85,22.35,22.75,+,0.50,22.75,119,22.80,9,0.00,
1906,寶隆,241438,156,3751767,15.45,15.75,15.35,15.40,+,0.05,15.40,22,15.45,2,77.00,
1907,永豐餘,5152413,3026,157865309,29.80,31.15,29.70,30.60,+,1.20,30.60,2,30.65,2,27.82,
1909,榮成,4565128,1665,68601990,14.60,15.15,14.60,15.10,+,0.55,15.05,5,15.10,115,0.00,
2002,中鋼,22757632,7729,562719397,24.80,24.95,24.55,24.70,+,0.25,24.70,140,24.75,222,224.55,
2002A,中鋼特,9228,16,399130,43.25,43.25,43.25,43.25, ,0.00,43.20,4,43.30,3,0.00,
2006,東和鋼鐵,3890232,3310,284580043,73.50,74.30,72.20,73.40, ,0.00,73.10,53,73.40,13,11.33,
2007,燁興,1870807,796,22545217,12.10,12.40,11.80,11.90, ,0.00,11.90,17,11.95,21,0.00,
2008,高興昌,50050,31,1141769,22.75,22.90,22.60,22.90,+,0.35,22.85,2,22.90,1,10.09,
2009,第一銅,34611948,19672,1752907706,53.00,54.40,47.00,47.30,-,4.40,47.30,49,47.35,22,0.00,
2010,春源,2079761,1095,44500663,21.30,21.75,21.10,21.10,+,0.05,21.10,121,21.30,22,15.63,
2012,春雨,40861,49,962362,23.55,23.70,23.45,23.70,+,0.30,23.55,7,23.70,5,26.04,
2013,中鋼構,552518,602,34970765,63.80,64.70,62.10,62.10,-,1.00,62.10,9,62.60,4,23.17,
2014,中鴻,8858513,3925,203716408,23.35,23.60,22.65,22.80,-,0.40,22.80,24,22.85,11,207.27,
2015,豐興,413750,331,28471197,68.00,69.70,68.00,68.60,+,0.70,68.50,2,68.60,2,16.81,
2017,官田鋼,1212256,646,18376479,15.30,15.35,15.05,15.10,-,0.10,15.05,33,15.10,33,0.00,
2020,美亞,1603303,1106,62176158,39.25,39.25,38.30,38.80,-,0.20,38.75,3,38.80,4,8.08,
2022,聚亨,806849,502,9851057,12.25,12.45,12.00,12.20,+,0.05,12.20,1,12.25,55,50.83,
2023,燁輝,1723579,847,26377879,15.30,15.50,15.15,15.25, ,0.00,15.20,104,15.30,4,0.00,
2024,志聯,21026,30,448651,21.70,21.70,20.85,21.45,-,0.05,21.45,4,21.55,1,0.00,
2025,千興,2506083,997,28395469,11.70,11.85,11.00,11.05,-,0.65,11.05,49,11.10,4,13.64,
2027,大成鋼,7690502,4323,290912610,38.10,38.25,37.50,37.60,-,0.10,37.60,4,37.65,13,15.10,
2028,威致,721437,552,19959819,28.10,28.60,27.10,27.45,-,0.60,27.45,6,27.55,6,21.45,
2029,盛餘,365429,264,10280402,28.30,28.35,27.90,28.15,+,0.05,28.10,1,28.20,1,14.44,
2030,彰源,820888,430,15529445,18.95,19.15,18.70,18.85,+,0.05,18.80,29,18.90,13,104.72,
2031,新光鋼,1494630,1245,88342185,60.00,60.30,58.40,58.70,-,0.80,58.70,12,58.80,2,11.40,
2032,新鋼,346376,258,6192408,18.15,18.30,17.50,17.55,-,0.30,17.55,8,17.60,2,0.00,
2033,佳大,221473,177,3836182,17.70,17.70,16.95,17.15,-,0.35,17.15,11,17.20,3,0.00,
2034,允強,1179323,644,29649332,25.40,25.55,24.95,25.20, ,0.00,25.20,2,25.25,22,0.00,
2038,海光,5008576,2450,106983520,22.20,22.70,20.40,20.50,-,1.45,20.50,11,20.55,4,73.21,
2049,上銀,3036484,2855,683590665,228.50,228.50,222.00,226.50,-,2.00,224.50,36,226.50,20,39.39,
2059,川湖,2317598,3823,2646021255,1240.00,1240.00,1110.00,1110.00,-,120.00,0,0,1110.00,167,39.11,
2062,橋椿,1870075,1172,56636368,29.70,31.40,29.55,29.75,+,0.10,29.70,3,29.75,4,18.95,
2069,運錩,161944,120,2673879,16.50,16.70,16.35,16.40,+,0.15,16.40,8,16.45,2,0.00,
2101,南港,57550722,24782,2983008928,50.70,54.40,49.25,50.70,+,0.70,50.70,31,50.80,6,316.88,
2102,泰豐,1586541,643,29810736,18.45,19.15,18.40,18.65,+,0.45,18.65,7,18.70,22,0.00,
2103,台橡,3833631,1589,95658662,24.65,25.50,24.35,24.60,+,0.20,24.60,51,24.65,37,30.00,
2104,國際中橡,1842992,853,32320439,17.15,17.65,17.15,17.60,+,0.45,17.55,329,17.60,15,0.00,
2105,正新,4172690,2757,197787929,46.90,47.70,46.90,47.45,+,0.55,47.45,12,47.50,42,21.37,
2106,建大,613157,684,20620371,33.90,33.90,33.20,33.60,-,0.10,33.60,8,33.65,5,36.52,
2107,厚生,2466136,1239,64131661,25.80,26.60,25.60,25.60,+,0.05,25.60,14,25.65,22,14.97,
2108,南帝,557404,463,18558796,33.00,33.65,32.80,33.60,+,1.10,33.60,2,33.65,14,23.17,
2109,華豐,1079632,501,18196629,16.55,17.05,16.35,17.00,+,0.45,16.95,3,17.00,19,11.26,
2114,鑫永銓,33750,65,3594168,106.00,107.50,106.00,107.50,+,1.00,106.50,6,107.50,5,17.86,
2115,六暉-KY,130670,153,3904322,30.15,30.15,29.65,30.00,+,0.15,30.00,1,30.05,3,17.05,
2201,裕隆,5497615,3448,374200485,67.20,68.70,67.00,67.80,+,0.90,67.80,62,67.90,57,15.37,
2204,中華,5984171,4579,815657358,130.00,140.00,130.00,135.50,+,5.50,135.00,76,135.50,3,13.27,
2206,三陽工業,5116380,3659,386755002,74.30,76.70,74.30,75.20,+,1.10,75.20,53,75.30,14,9.46,
2207,和泰車,266608,585,161815197,607.00,611.00,600.00,611.00,+,10.00,608.00,4,611.00,7,14.89,
2208,台船,4110174,2483,76073189,18.75,18.85,18.20,18.45,-,0.25,18.45,4,18.50,18,0.00,
2211,長榮鋼,2382874,1998,342293429,142.00,148.00,141.00,143.00,+,3.00,142.50,11,143.00,27,16.25,
2227,裕日車,28551,166,3550814,124.00,125.50,123.00,125.00,+,3.00,125.00,1,125.50,5,32.30,
2228,劍麟,429508,410,40019136,93.80,93.90,92.60,92.80,-,1.00,92.70,5,92.90,4,13.69,
2231,為升,532784,486,58751416,110.00,112.50,108.50,110.50,-,0.50,110.50,5,111.00,7,35.08,
2233,宇隆,167202,228,20818302,124.00,126.00,123.50,124.50,-,1.00,124.50,21,125.00,3,14.05,
2236,百達-KY,605175,380,42908801,71.10,71.90,70.10,70.40, ,0.00,70.40,3,70.50,1,25.23,
2239,英利-KY,58000,46,3356100,58.70,58.70,57.60,57.60,-,0.80,57.50,6,58.00,3,41.14,
2241,艾姆勒,2577251,1356,104991757,40.95,41.80,39.50,40.20,-,0.80,40.20,5,40.30,2,0.00,
2243,宏旭-KY,36000,24,486450,13.50,13.60,13.50,13.50,-,0.15,13.50,25,13.55,1,0.00,
2247,汎德永業,52105,104,16247175,313.50,313.50,310.50,311.00,+,0.50,311.00,1,311.50,1,14.03,
2250,IKKA-KY,107916,110,10616586,98.00,99.70,97.00,97.20,-,1.80,97.20,1,97.40,1,24.00,
2254,巨鎧精密-創,119000,48,10326300,89.10,89.30,86.20,88.90,-,0.50,86.40,1,88.70,2,0.00,
2258,鴻華先進-創,551025,266,24085273,45.60,45.60,42.55,42.95,+,0.70,42.90,4,42.95,8,0.00,
2301,光寶科,13323049,9288,1291816497,96.20,97.90,95.90,96.80,+,0.70,96.80,4,96.90,2,15.32,
2302,麗正,116896,100,1965572,17.00,17.05,16.70,16.75, ,0.00,16.70,59,16.75,3,32.21,
2303,聯電,83956903,40327,4084007371,48.65,49.10,48.30,48.90,-,0.20,48.85,2,48.90,28,10.04,
2305,全友,500959,267,10931180,21.85,22.25,21.55,21.65,-,0.40,21.60,1,21.65,4,721.67,
2308,台達電,7920560,16769,2367868083,300.50,303.00,294.00,300.00,+,1.50,299.50,30,300.00,51,23.35,
2312,金寶,2533911,1025,36797804,14.50,14.70,14.40,14.45,+,0.05,14.40,160,14.45,2,28.33,
2313,華通,16196973,8661,1212124250,76.40,76.60,73.60,73.80,-,2.30,73.80,386,73.90,16,21.09,
2314,台揚,1046174,769,31609926,30.50,30.95,29.90,29.95,-,0.45,29.95,2,30.00,5,0.00,
2316,楠梓電,1575017,1491,62843884,40.95,41.05,39.45,39.55,-,1.30,39.50,16,39.55,1,8.58,
2317,鴻海,71622415,34393,10254949481,141.50,145.50,141.50,143.00, ,0.00,142.50,780,143.00,115,13.95,
2321,東訊,42212,71,716207,15.95,17.10,15.95,17.10,+,1.55,17.10,83,0,0,0.00,
2323,中環,9894780,2556,118192994,11.95,12.20,11.75,11.90,+,0.05,11.85,11,11.90,274,7.39,
2324,仁寶,23871002,11007,824550775,35.30,35.35,34.20,34.20,-,1.10,34.20,29,34.25,3,19.43,
2327,國巨,5070436,6070,3054800853,593.00,611.00,593.00,599.00,+,11.00,598.00,23,599.00,18,14.37,
2328,廣宇,1566283,1042,51026628,32.95,33.05,32.20,32.40,-,0.25,32.40,8,32.45,8,13.39,
2329,華泰,34576223,24379,2091027075,62.40,62.90,58.20,58.40,-,6.20,58.40,155,58.50,28,22.81,
2330,台積電,52354944,103120,39093628250,740.00,757.00,740.00,742.00,-,8.00,742.00,681,743.00,7,22.95,
2331,精英,6146442,2801,187134779,31.00,31.45,29.95,30.00,-,0.95,29.95,152,30.00,40,16.48,
2332,友訊,2408992,1255,42362153,17.25,17.75,17.25,17.50,+,0.30,17.50,9,17.55,3,18.42,
2337,旺宏,8770270,3620,228895169,26.05,26.40,25.80,26.10,+,0.15,26.10,6,26.15,35,0.00,
2338,光罩,1950494,1665,125180357,65.50,65.60,63.10,63.60,-,1.90,63.60,21,63.70,2,36.98,
2340,台亞,1469436,868,54816405,37.55,37.90,36.90,37.10,-,0.30,37.10,9,37.15,7,53.00,
2342,茂矽,617241,430,18155914,29.80,30.20,29.00,29.20,-,0.50,29.20,14,29.25,1,0.00,
2344,華邦電,29753534,12918,740624184,25.35,25.35,24.55,24.70,-,0.70,24.65,344,24.70,545,0.00,
2345,智邦,3323592,4320,1290878910,395.50,399.50,383.00,384.50,-,16.50,384.50,5,385.50,7,24.06,
2347,聯強,10372402,5652,809290659,76.80,78.90,76.00,78.70,+,1.40,78.60,3,78.70,39,18.01,
2348,海悅,4120938,8504,759826018,193.00,199.50,174.00,176.00,-,12.00,176.00,17,176.50,15,15.52,
2348A,海悅甲特,14473,17,484905,33.50,33.55,33.45,33.50,-,0.05,33.45,3,33.50,5,0.00,
2349,錸德,1390716,1011,10155929,7.29,7.38,7.26,7.29,+,0.03,7.28,3,7.29,8,0.00,
2351,順德,1096325,1299,103169140,96.00,96.80,92.20,93.00,-,3.10,93.00,9,93.40,7,22.79,
2352,佳世達,10109826,4726,417028825,40.60,41.75,40.55,41.10,+,0.60,41.10,584,41.15,99,27.22,
2353,宏碁,21219189,9593,926136232,43.85,44.35,43.15,43.35,-,0.45,43.35,471,43.45,4,26.43,
2354,鴻準,10580352,6094,597643005,56.10,57.20,55.60,57.00,+,1.20,56.80,5,57.00,162,18.94,
2355,敬鵬,3343774,2514,134687626,41.35,41.45,39.50,39.50,-,1.55,39.50,64,39.55,4,20.57,
2356,英業達,32332609,18698,1663360964,52.50,52.70,50.70,50.80,-,2.20,50.80,191,50.90,11,29.71,
2357,華碩,2220515,2511,919683205,415.50,419.50,411.50,413.50, ,0.00,413.50,220,414.00,1,19.29,
2359,所羅門,4705036,2308,394770538,92.80,93.50,82.10,82.10,-,9.10,0,0,82.10,129,26.40,
2360,致茂,1707303,1628,407001264,244.00,245.00,234.50,236.50,-,6.50,236.50,9,237.00,1,25.19,
2362,藍天,1567725,920,60397293,38.65,39.10,38.05,38.20,-,0.10,38.20,15,38.40,2,21.10,
2363,矽統,28350206,16821,1854749943,69.40,69.60,62.10,63.20,-,5.00,63.10,38,63.20,47,83.16,
2364,倫飛,171012,184,14101258,82.80,83.80,81.50,81.50,-,1.00,81.50,1,81.60,3,23.22,
2365,昆盈,5173742,2768,98798764,19.90,19.90,18.65,18.65,-,1.05,18.65,85,18.70,51,56.52,
2367,燿華,27143251,11492,726083492,27.45,27.80,26.05,26.05,-,1.25,26.05,16,26.10,16,0.00,
2368,金像電,14710373,11467,2735724530,196.50,197.00,181.50,182.00,-,14.00,182.00,32,182.50,32,25.10,
2369,菱生,2581718,1448,55204220,21.75,22.00,21.15,21.20,-,0.60,21.20,239,21.25,5,0.00,
2371,大同,350036635,154392,24339826678,71.00,72.50,65.40,65.40,-,3.70,65.30,230,65.40,151,57.88,
2373,震旦行,90827,130,6593243,73.00,73.10,72.40,72.70,+,0.20,72.50,8,72.90,1,14.90,
2374,佳能,21712037,11954,865062080,42.00,42.40,38.35,38.75,-,2.85,38.75,3,38.80,1,40.79,
2375,凱美,239577,204,14877457,62.90,63.00,61.60,61.60,-,0.40,61.60,5,61.70,3,25.25,
2376,技嘉,12006149,14042,3429351005,296.50,296.50,282.00,282.50,-,10.00,282.50,30,283.00,9,37.87,
2377,微星,4068942,2838,627898722,154.00,156.00,152.00,154.00, ,0.00,154.00,54,155.00,51,17.26,
2379,瑞昱,9089889,12183,4670694394,537.00,541.00,501.00,504.00,-,48.00,504.00,44,505.00,10,28.24,
2380,虹光,110031,281,736210,6.68,6.77,6.62,6.64,-,0.07,6.63,1,6.67,3,0.00,
2382,廣達,32704452,31060,7639950059,238.00,241.00,230.00,230.00,-,11.50,230.00,1435,230.50,277,22.35,
2383,台光電,8216582,11647,2958628021,371.00,372.50,350.50,350.50,-,25.00,350.50,107,351.00,27,21.92,
2385,群光,5804167,9337,1139291018,201.50,202.50,193.00,195.50,-,3.50,195.50,8,196.00,94,18.98,
2387,精元,1029756,903,61033417,59.80,60.20,58.70,58.80,-,0.90,58.80,67,59.00,3,9.05,
2388,威盛,8586333,6874,1068209141,125.50,129.00,121.00,121.00,-,7.00,121.00,13,121.50,93,147.56,
2390,云辰,659515,586,8516437,12.90,13.10,12.75,12.80,+,0.10,12.80,36,12.85,10,0.00,
2392,正崴,1187084,792,52589489,44.55,44.80,43.85,44.15,-,0.25,44.15,12,44.30,2,14.02,
2393,億光,4793788,3552,279692723,59.90,60.00,57.50,57.90,-,2.00,57.90,46,58.00,2,17.44,
2395,研華,842083,1041,310029258,371.50,371.50,365.50,368.50,+,3.50,368.00,12,368.50,5,29.20,
2397,友通,73102,71,4828788,66.00,66.70,65.70,66.20,+,1.20,65.90,2,66.20,2,20.95,
2399,映泰,872429,589,17801260,20.60,20.75,20.15,20.20,-,0.20,20.15,41,20.20,1,0.00,
2401,凌陽,4801202,2765,130579589,27.80,27.95,26.70,26.75,-,0.85,26.70,90,26.75,29,0.00,
2402,毅嘉,6367722,3484,205761209,32.90,33.05,31.80,31.85,-,1.05,31.85,28,31.90,1,20.55,
2404,漢唐,3035616,4161,1193674851,400.50,407.00,385.00,394.50,-,5.00,390.00,11,394.50,8,15.89,
2405,輔信,6893123,3008,121871917,17.95,18.20,17.35,17.35,-,0.70,17.35,57,17.45,14,433.75,
2406,國碩,3211304,2291,65959290,20.70,21.20,20.10,20.45,-,0.05,20.40,4,20.45,5,0.00,
2408,南亞科,16104720,10141,986912860,61.90,62.50,60.60,61.20,-,0.80,61.20,35,61.30,25,0.00,
2409,友達,38036854,13091,643587880,17.25,17.25,16.75,16.85,-,0.30,16.85,351,16.90,148,0.00,
2412,中華電,15744405,6504,1967155032,123.50,125.50,123.00,125.50,+,2.50,125.00,540,125.50,559,26.37,
2413,環科,231730,163,5602849,24.15,24.50,24.00,24.00,-,0.15,24.00,37,24.05,2,28.57,
2414,精技,84708,90,3024351,35.80,35.95,35.55,35.65,+,0.10,35.65,1,35.70,2,14.98,
2415,錩新,174301,129,4902910,28.20,28.75,27.90,28.75,+,0.30,28.50,2,28.80,2,0.00,
2417,圓剛,1625299,1298,58646764,37.20,37.25,35.45,35.45,-,1.30,35.40,11,35.45,2,3545.00,
2419,仲琦,900309,636,26277635,29.50,30.00,28.85,28.95,-,0.35,28.90,4,28.95,1,1447.50,
2420,新巨,359518,604,19252798,54.50,54.50,52.90,53.50,-,0.80,53.40,4,53.50,3,15.07,
2421,建準,3909780,3447,430790479,111.50,113.00,108.50,109.00,-,3.00,109.00,18,109.50,19,22.24,
2423,固緯,318652,253,12964088,40.70,41.10,40.45,40.70,+,0.15,40.70,2,40.75,14,13.80,
2424,隴華,5000,5,140600,28.30,28.30,28.00,28.00,-,0.25,28.10,1,29.00,1,0.00,
2425,承啟,1132564,685,42747020,38.05,38.25,37.10,37.70,+,0.20,37.70,15,37.75,1,22.44,
2426,鼎元,409727,246,7012449,17.10,17.25,17.00,17.10, ,0.00,17.05,18,17.10,3,0.00,
2427,三商電,19714527,11417,600046213,31.35,31.90,28.75,29.70,-,0.75,29.65,7,29.70,7,23.20,
2428,興勤,402711,321,61932210,156.50,156.50,152.00,153.50,-,1.00,153.50,4,155.00,1,15.03,
2429,銘旺科,44111,38,853456,19.80,19.85,18.90,19.25,-,0.30,19.25,5,19.45,1,0.00,
2430,燦坤,121666,240,4325403,35.80,35.80,35.40,35.55, ,0.00,35.50,1,35.55,1,14.87,
2431,聯昌,839148,279,10496592,12.80,12.80,12.25,12.35,-,0.45,12.35,12,12.40,4,0.00,
2432,倚天酷碁-創,3000,3,119700,40.10,40.10,39.55,40.05,+,0.05,39.55,1,40.05,3,20.43,
2433,互盛電,48236,51,2552968,52.90,53.00,52.80,53.00,+,0.10,52.90,12,53.10,2,15.63,
2434,統懋,16912,32,526994,31.55,31.55,30.90,31.25,X,0.00,31.00,2,31.35,1,0.00,
2436,偉詮電,1026722,761,61176325,60.00,60.40,59.10,59.20,-,1.40,59.20,36,59.30,2,50.17,
2438,翔耀,199032,575,3813930,20.00,20.00,18.80,18.95,-,0.75,18.80,6,19.00,5,0.00,
2439,美律,2054370,1423,231454919,114.50,116.00,111.00,111.50,-,2.50,111.00,111,111.50,17,18.52,
2440,太空梭,1628918,811,26487406,16.90,16.95,15.70,16.05,-,0.40,16.00,14,16.05,2,0.00,
2441,超豐,1312145,1107,78285447,59.00,60.10,58.50,59.60,+,0.60,59.60,1,59.70,6,16.98,
2442,新美齊,5292256,2785,149313254,27.40,29.30,27.35,27.50,+,0.10,27.50,46,27.55,6,16.57,
2444,兆勁,270576,126,2951679,10.90,11.10,10.85,10.90,+,0.05,10.90,5,10.95,40,0.00,
2449,京元電子,12763418,8282,1232784069,98.30,98.40,95.40,96.00,-,3.00,95.90,2,96.00,25,20.08,
2450,神腦,110072,120,4244337,38.60,38.80,38.30,38.80,+,0.20,38.75,2,38.85,9,14.21,
2451,創見,1318585,918,117015259,88.80,89.80,87.50,89.10,+,1.70,88.60,1,89.10,4,19.24,
2453,凌群,559023,494,31495357,56.90,57.20,55.60,55.60,-,1.20,55.60,13,55.70,4,20.00,
2454,聯發科,9681250,28270,9431274708,984.00,989.00,966.00,966.00,-,27.00,965.00,105,966.00,42,19.98,
2455,全新,2277262,1666,325079235,147.00,147.50,140.00,142.50,-,4.50,142.50,66,143.00,13,58.40,
2457,飛宏,3771253,2866,195524137,52.70,52.90,51.00,51.00,-,1.50,51.00,265,51.10,15,83.61,
2458,義隆,3709102,3508,553768971,155.50,155.50,146.50,146.50,-,8.50,146.50,90,147.00,7,19.46,
2459,敦吉,136384,130,9621826,71.00,71.30,70.00,70.30,-,0.70,70.30,1,70.50,2,12.88,
2460,建通,838345,696,25505332,31.00,31.40,29.95,30.20,-,0.80,30.15,6,30.20,6,0.00,
2461,光群雷,836621,811,19644063,23.25,24.00,23.20,23.55,+,0.30,23.55,2,23.60,6,38.61,
2462,良得電,344084,236,11526268,33.20,33.95,33.15,33.30,+,0.10,33.30,16,33.35,3,18.00,
2464,盟立,2833695,2000,124491714,45.00,45.00,43.15,43.60,-,0.35,43.55,3,43.60,14,48.99,
2465,麗臺,6967276,7063,875482873,124.50,129.50,124.50,124.50,-,13.50,0,0,124.50,526,0.00,
2466,冠西電,19062,26,700777,36.70,37.10,36.40,36.40,+,0.20,36.35,1,36.55,1,202.22,
2467,志聖,3803564,3587,460535103,125.50,125.50,117.50,118.00,-,8.50,117.50,28,118.00,28,36.20,
2468,華經,226854,167,5982203,26.60,27.15,26.05,26.10,-,0.50,26.10,6,26.35,3,23.30,
2471,資通,308415,521,17192428,56.30,56.60,55.30,55.30,-,1.00,55.30,2,55.40,3,15.11,
2472,立隆電,678423,615,48173231,71.80,72.20,70.40,70.40,-,1.40,70.40,2,70.50,6,12.57,
2474,可成,3484921,4181,736801633,207.50,214.50,207.00,212.00,+,5.00,211.50,44,212.00,85,15.76,
2476,鉅祥,2156134,1523,155501986,73.90,74.20,71.00,71.20,-,2.20,71.20,5,71.30,9,20.11,
2477,美隆電,74232,98,1569975,21.15,21.20,21.05,21.20,+,0.05,21.20,1,21.25,29,88.33,
2478,大毅,121765,125,5554279,45.50,46.00,45.35,45.35,-,0.15,45.35,16,45.45,1,17.71,
2480,敦陽科,199406,294,24912319,124.50,126.00,123.50,125.50,+,0.50,124.50,13,125.50,8,17.05,
2481,強茂,1200856,1076,63976864,54.00,54.10,52.80,52.80,-,1.00,52.80,21,52.90,5,24.56,
2482,連宇,411329,386,11611169,29.00,29.00,28.00,28.00,-,0.55,28.00,16,28.05,1,11.67,
2483,百容,55210,41,1283601,23.15,23.45,23.15,23.25,+,0.15,23.20,3,23.30,2,72.66,
2484,希華,656473,553,20763868,32.10,32.15,31.35,31.45,-,0.40,31.40,3,31.45,20,19.18,
2485,兆赫,885134,644,17183706,19.30,19.60,19.25,19.35,+,0.05,19.35,10,19.40,1,0.00,
2486,一詮,14995448,8845,1001295014,68.40,69.30,65.10,65.10,-,2.70,65.10,155,65.20,155,71.54,
2488,漢平,1259812,885,58835378,45.30,47.50,45.30,46.95,+,1.90,46.90,2,46.95,3,10.69,
2489,瑞軒,2458986,1171,34756149,14.00,14.40,13.90,14.05,+,0.15,14.00,110,14.05,4,23.42,
2491,吉祥全,135693,71,1953360,14.05,14.50,14.05,14.30,+,0.25,14.25,1,14.30,4,31.78,
2492,華新科,2781106,2271,297816736,104.50,109.00,104.00,106.50,+,2.50,106.00,80,106.50,23,26.04,
2493,揚博,525285,814,49218416,95.50,95.50,92.50,93.30,-,1.70,93.30,1,93.40,1,15.47,
2495,普安,571401,406,11842794,21.00,21.15,20.50,20.55,-,0.30,20.55,1,20.60,6,23.35,
2496,卓越,24171,36,1671308,69.60,69.70,68.60,68.60,-,1.00,68.60,1,68.70,1,12.52,
2497,怡利電,327333,290,16293531,50.80,50.80,49.15,49.45,-,0.55,49.40,10,49.70,1,26.16,
2498,宏達電,5014778,3456,210779043,42.00,42.95,41.30,41.45, ,0.00,41.45,77,41.50,16,0.00,
2501,國建,77205602,25576,2452854157,30.10,32.85,30.00,30.90,+,1.00,30.85,75,30.90,130,16.52,
2504,國產,29161112,14556,1393947538,48.40,49.75,46.10,47.00,-,1.25,46.95,14,47.00,21,15.67,
2505,國揚,6926652,3639,200813453,26.75,29.75,26.75,28.20,+,1.15,28.20,25,28.35,3,35.25,
2506,太設,20029473,4808,255747820,12.10,13.25,11.90,12.25,+,0.20,12.20,159,12.25,163,102.08,
2509,全坤建,4749514,2498,103132394,21.50,22.65,20.75,20.85, ,0.00,20.85,32,20.90,17,0.00,
2511,太子,37633163,7158,474222401,12.45,13.00,11.95,12.30,+,0.45,12.25,223,12.30,29,33.24,
2514,龍邦,6985657,2234,122906505,17.35,18.20,17.15,17.35,+,0.60,17.35,16,17.40,3,7.02,
2515,中工,353560559,72750,6279566679,17.90,19.15,16.65,16.70,-,0.75,16.65,768,16.70,102,40.73,
2516,新建,7689478,2859,100385443,12.25,13.75,12.25,12.25,-,0.30,12.25,6,12.35,11,15.91,
2520,冠德,70551666,31507,3608209171,50.60,54.30,46.80,48.95,-,0.45,48.95,32,49.00,7,11.07,
2524,京城,2196768,1202,109405380,47.50,50.30,46.80,50.30,+,4.55,50.30,39,0,0,41.92,
2527,宏璟,4530266,2513,231397733,48.80,53.50,48.80,49.70,+,0.85,49.65,23,49.70,6,22.39,
2528,皇普,1859355,1042,94747380,51.40,52.50,49.80,50.50,-,0.90,50.50,6,50.60,19,78.91,
2530,華建,3935627,2012,209377083,53.30,55.00,51.30,52.00,-,1.00,51.90,12,52.00,3,85.25,
2534,宏盛,5941355,2356,142676638,23.40,24.50,23.30,24.10,+,0.70,23.85,10,24.10,10,21.91,
2535,達欣工,2199101,2393,128471556,57.40,59.90,56.60,57.60,+,0.40,57.50,10,57.60,3,12.60,
2536,宏普,3292235,1341,119876134,35.30,37.25,35.30,36.05,+,0.55,36.00,3,36.05,17,52.25,
2537,聯上發,26044045,9194,428970675,16.00,17.40,15.40,15.40,-,0.60,15.40,277,15.50,7,0.00,
2538,基泰,4862158,1294,75110791,15.20,16.00,15.10,15.25,+,0.10,15.20,26,15.25,25,16.22,
2539,櫻花建,3438977,2004,265447892,76.70,80.00,74.70,76.10,-,0.60,76.00,1,76.10,20,34.13,
2540,愛山林,3747777,2879,473262042,125.00,131.50,120.00,121.50,-,1.50,121.00,43,121.50,35,31.56,
2542,興富發,25648491,14407,1103297349,41.45,44.45,41.10,42.40,+,0.95,42.35,56,42.40,236,31.88,
2543,皇昌,41184556,22748,2265517403,57.00,58.40,50.00,50.40,-,3.40,50.30,32,50.40,14,23.44,
2545,皇翔,5588261,4089,298350951,51.60,55.90,51.20,51.90,+,0.60,51.80,3,51.90,15,22.37,
2546,根基,5473790,5554,589369541,106.00,112.50,101.00,102.50, ,0.00,102.50,14,103.00,15,12.50,
2547,日勝生,83592419,18750,1070456478,12.60,13.30,11.85,11.95,-,0.15,11.95,32,12.00,53,0.00,
2548,華固,14060574,10510,2194909386,150.00,164.00,148.00,161.00,+,11.50,160.50,1,161.00,63,12.43,
2597,潤弘,1049166,1193,177441075,171.00,173.00,165.00,167.50,-,3.00,167.00,13,168.00,5,16.28,
2601,益航,3267470,1213,25162994,7.58,7.77,7.58,7.67,+,0.17,7.67,7,7.68,1,0.00,
2603,長榮,65454817,38296,11699886873,175.00,183.00,174.00,174.00,+,1.50,174.00,347,174.50,427,10.42,
2605,新興,30963895,13950,826861810,27.00,27.20,26.00,26.00,-,0.60,26.00,269,26.05,5,34.21,
2606,裕民,12781420,8462,713866393,55.90,57.00,54.80,54.80,-,0.50,54.80,68,54.90,1,16.91,
2607,榮運,4991987,2324,157154872,31.10,31.80,31.10,31.20,+,0.50,31.20,38,31.25,2,12.24,
2608,嘉里大榮,2061453,1885,86605766,42.60,42.65,41.45,41.80,-,0.30,41.75,3,41.80,1,11.52,
2609,陽明,64592820,32864,3008783796,46.40,47.30,45.55,45.60,+,0.45,45.60,194,45.65,513,33.28,
2610,華航,42461155,13142,843750113,19.55,20.15,19.55,19.80,+,0.35,19.75,887,19.80,289,17.52,
2611,志信,7294299,4341,182454587,24.95,25.60,24.35,24.50,-,0.10,24.50,51,24.55,9,9.88,
2612,中航,890748,834,41428819,46.20,47.15,45.50,45.90,+,0.05,45.85,5,45.90,13,27.65,
2613,中櫃,1129123,648,25603144,21.60,23.55,21.50,22.40,+,0.95,22.35,2,22.40,8,31.55,
2614,東森,560206,520,10905349,19.45,19.65,19.25,19.35, ,0.00,19.35,7,19.40,5,0.00,
2615,萬海,12370700,7785,550394173,44.15,45.10,43.80,43.85,+,0.60,43.85,23,43.90,11,0.00,
2616,山隆,55007,237,1478330,27.00,27.00,26.85,26.85,+,0.05,26.85,8,26.90,6,55.94,
2617,台航,2393979,1444,84219747,35.15,35.55,34.75,34.80,+,0.10,34.75,18,34.80,10,8.72,
2618,長榮航,132242364,32624,4221076869,31.30,32.70,31.25,31.60,+,0.50,31.60,318,31.65,163,7.90,
2630,亞航,10197057,7158,454953971,46.20,46.40,42.35,42.35,-,2.60,42.30,129,42.35,39,156.85,
2633,台灣高鐵,5352821,2082,159972475,29.60,30.15,29.55,29.95,+,0.65,29.90,55,29.95,8,21.55,
2634,漢翔,29524446,17428,1701235067,58.20,59.30,56.10,56.10,-,1.50,56.10,288,56.30,3,23.77,
2636,台驊投控,1817874,1555,174373222,94.80,97.40,94.30,95.00,+,1.30,95.00,19,95.10,17,8.83,
2637,慧洋-KY,25179120,16295,1738900009,67.40,70.40,66.80,69.20,+,2.90,69.10,30,69.20,9,15.80,
2642,宅配通,80758,113,3038869,38.00,38.00,37.35,37.50,+,0.25,37.50,3,37.55,1,37.88,
2645,長榮航太,2807424,1827,304635132,108.50,109.50,106.50,109.00,+,0.50,109.00,3,109.50,12,22.29,
2701,萬企,296939,142,3731671,12.45,12.65,12.45,12.50,+,0.10,12.50,15,12.55,5,23.58,
2702,華園,173410,476,3282710,19.05,19.10,18.70,18.85,-,0.05,18.85,9,18.90,1,117.81,
2704,國賓,1880445,2198,132598594,72.30,73.30,68.50,69.10,-,3.90,69.10,3,69.20,18,51.57,
2705,六福,1128963,550,20939780,18.45,18.70,18.35,18.40,+,0.15,18.35,33,18.40,8,0.00,
2706,第一店,241894,159,3638878,15.00,15.10,14.95,15.00,+,0.10,15.00,6,15.05,8,25.00,
2707,晶華,114469,1029,24680597,216.50,217.00,214.50,215.00,-,0.50,215.00,39,215.50,1,19.35,
2712,遠雄來,42000,29,1273350,30.10,30.50,30.10,30.20,+,0.25,30.20,3,30.30,1,64.26,
2722,夏都,275200,298,16037853,58.80,58.90,57.50,58.30,+,1.40,58.20,2,58.30,5,84.49,
2723,美食-KY,347643,371,30597700,87.50,88.60,87.20,88.60,+,1.40,88.40,4,88.60,32,21.10,
2727,王品,2013125,3757,442429616,225.50,226.50,216.50,218.00,-,7.50,218.00,48,219.00,1,13.02,
2731,雄獅,3018454,2894,427930716,139.00,143.50,139.00,141.50,+,3.00,141.50,36,142.00,23,9.47,
2739,寒舍,362269,307,17973577,49.25,50.20,49.25,49.45, ,0.00,49.40,3,49.55,2,12.12,
2748,雲品,415493,459,28480843,68.80,69.60,68.00,68.10,-,0.20,68.00,44,68.20,2,25.41,
2753,八方雲集,211276,272,34621328,163.00,165.50,163.00,163.50,-,1.00,163.50,2,164.00,5,19.63,
2762,世界健身-KY,270867,423,25969962,97.70,98.00,94.10,94.70,-,1.80,94.70,2,95.30,1,27.06,
2801,彰銀,16719573,3132,303009518,17.95,18.30,17.95,18.20,+,0.35,18.15,333,18.20,288,15.17,
2809,京城銀,13777498,5865,762189901,54.40,55.90,53.60,55.90,+,1.90,55.80,3,55.90,175,10.00,
2812,台中銀,7807904,2255,135520696,17.15,17.50,17.15,17.30,+,0.20,17.25,129,17.30,1,13.21,
2816,旺旺保,855738,607,26175464,29.80,31.25,29.80,30.35,+,0.65,30.30,12,30.35,9,5.65,
2820,華票,629410,306,9468811,15.00,15.10,15.00,15.10,+,0.15,15.05,32,15.10,242,15.73,
2832,台產,509978,357,14418185,28.05,28.45,28.00,28.35,+,0.30,28.35,10,28.40,17,10.50,
2834,臺企銀,47418150,8017,772313213,16.20,16.35,16.15,16.35,+,0.20,16.25,132,16.35,2573,12.67,
2836,高雄銀,3435963,1018,39285308,11.40,11.50,11.35,11.50,+,0.15,11.45,49,11.50,809,16.91,
2836A,高雄銀甲特,22720,10,477076,21.00,21.00,21.00,21.00, ,0.00,20.95,15,21.00,5,0.00,
2838,聯邦銀,2186588,589,32779985,14.95,15.05,14.90,15.05,+,0.20,15.00,158,15.05,90,13.81,
2838A,聯邦銀甲特,13000,5,691700,53.20,53.30,53.20,53.30,+,0.10,53.20,52,53.30,82,0.00,
2845,遠東銀,13161310,2546,192704958,14.50,14.75,14.50,14.75,+,0.25,14.60,55,14.75,818,14.32,
2849,安泰銀,77732,61,1072974,13.75,13.85,13.75,13.85,+,0.20,13.80,1,13.85,20,24.73,
2850,新產,624881,683,57279977,91.50,92.60,90.70,92.10,+,0.30,92.00,1,92.10,6,9.99,
2851,中再保,5162200,2126,132223733,25.00,26.00,25.00,25.65,+,0.65,25.60,21,25.65,2,9.83,
2852,第一保,388540,271,7853470,19.95,20.35,19.95,20.20,+,0.10,20.15,61,20.20,1,9.57,
2855,統一證,7754525,3551,209058392,26.80,27.40,26.55,27.15,+,0.50,27.05,2,27.15,111,13.71,
2867,三商壽,29032845,5697,167028675,5.65,5.83,5.64,5.74,+,0.14,5.74,87,5.75,318,0.00,
2880,華南金,11954675,3302,270841286,22.45,22.75,22.40,22.75,+,0.55,22.70,19,22.75,385,14.40,
2881,富邦金,15962865,7261,1054225080,65.30,66.50,65.30,66.20,+,1.20,66.20,203,66.30,47,14.65,
2881A,富邦特,20427,20,1262485,61.80,61.90,61.80,61.90,+,0.10,61.70,65,61.90,12,0.00,
2881B,富邦金乙特,10058,12,596227,59.20,59.40,59.20,59.20,-,0.10,59.20,1,59.30,20,0.00,
2881C,富邦金丙特,21974,46,1195924,54.40,54.60,54.40,54.40, ,0.00,54.40,5,54.50,2,0.00,
2882,國泰金,22267213,7989,1075657823,47.90,48.60,47.75,48.40,+,0.95,48.35,201,48.40,349,15.41,
2882A,國泰特,21987,17,1327819,60.40,60.40,60.40,60.40,-,0.10,60.30,24,60.40,31,0.00,
2882B,國泰金乙特,49858,17,2951577,59.40,59.40,59.20,59.30, ,0.00,59.00,6,59.30,55,0.00,
2883,開發金,37781066,7501,510398704,13.30,13.70,13.30,13.50,+,0.30,13.50,849,13.55,575,13.11,
2883B,開發金乙特,720624,172,5352580,7.44,7.45,7.41,7.44,+,0.01,7.43,9,7.44,26,0.00,
2884,玉山金,24111615,7565,650961232,26.95,27.10,26.75,27.05,+,0.50,27.00,1077,27.05,255,19.46,
2885,元大金,40796229,10210,1220410522,30.15,30.20,29.70,29.90, ,0.00,29.90,746,29.95,51,14.31,
2886,兆豐金,25372211,9743,1003090051,39.40,39.70,39.20,39.50,+,0.80,39.50,96,39.55,50,16.74,
2887,台新金,16310352,4856,287163677,17.45,17.70,17.45,17.65,+,0.30,17.60,323,17.65,101,16.34,
2887E,台新戊特,57332,26,3009930,52.50,52.50,52.50,52.50, ,0.00,52.50,65,52.60,84,0.00,
2887F,台新戊特二,34272,14,1587237,46.30,46.40,46.30,46.40,+,0.05,46.40,39,46.55,2,0.00,
2887Z1,台新己特,4931,11,82310,16.70,16.70,16.70,16.70,X,0.00,16.70,5,16.75,4,0.00,
2888,新光金,44894323,7382,368919756,8.12,8.34,8.12,8.26,+,0.19,8.25,632,8.26,456,0.00,
2888A,新光金甲特,13054,11,340048,25.95,26.10,25.95,26.10,+,0.05,26.10,1,26.15,1,0.00,
2888B,新光金乙特,59000,18,1549800,26.25,26.35,26.20,26.30,+,0.05,26.30,2,26.35,1,0.00,
2889,國票金,11248746,2945,155736295,13.65,13.95,13.65,13.90,+,0.30,13.85,192,13.90,1604,23.97,
2890,永豐金,20927341,5604,452381016,21.55,21.80,21.35,21.70,+,0.50,21.65,141,21.70,319,13.56,
2891,中信金,45048672,12840,1414140950,31.25,31.80,31.10,31.35,+,0.35,31.30,520,31.35,14,11.24,
2891B,中信金乙特,202068,64,12109071,59.90,60.00,59.90,60.00,-,0.10,59.90,22,60.00,48,0.00,
2891C,中信金丙特,2000,2,116700,58.50,58.50,58.20,58.20, ,0.00,58.00,1,58.10,1,0.00,
2892,第一金,13186036,4467,356734028,26.80,27.20,26.80,27.10,+,0.45,27.10,140,27.15,288,16.42,
2897,王道銀行,7556028,1328,74169732,9.80,9.88,9.78,9.81,+,0.05,9.81,55,9.82,10,11.82,
2897A,王道銀甲特,52201,32,539696,10.35,10.35,10.30,10.35, ,0.00,10.30,153,10.40,24,0.00,
2901,欣欣,28769,56,778747,26.50,27.95,26.50,27.15,+,0.45,26.75,2,26.95,1,66.22,
2903,遠百,7474912,3283,241608585,31.45,32.65,31.40,32.65,+,1.20,32.50,21,32.65,278,16.74,
2904,匯僑,42126,37,760525,18.00,18.15,18.00,18.10,+,0.10,18.05,12,18.15,4,21.55,
2905,三商,908344,414,12255165,13.25,13.60,13.25,13.60,+,0.35,13.55,14,13.60,25,0.00,
2906,高林,575844,276,11120219,18.95,19.45,18.95,19.45,+,0.50,19.40,2,19.45,34,34.12,
2908,特力,207215,57,4277680,20.65,20.65,20.55,20.65,+,0.05,20.60,13,20.65,16,39.71,
2910,統領,35000,20,941500,27.00,27.20,26.80,27.15,+,0.20,27.05,1,27.15,1,23.21,
2911,麗嬰房,117064,219,803229,6.94,6.94,6.83,6.85, ,0.00,6.83,3,6.86,3,0.00,
2912,統一超,1627576,2196,448914835,272.50,277.50,271.50,277.50,+,7.50,277.00,8,277.50,109,27.18,
2913,農林,10414247,3996,221478662,20.50,21.85,20.50,21.00,+,0.65,20.95,111,21.00,20,0.00,
2915,潤泰全,3963751,2262,238534396,59.70,60.70,59.70,60.00,+,0.40,59.90,40,60.00,13,8.55,
2923,鼎固-KY,77034,111,1799175,22.50,23.70,22.50,23.60,+,0.85,23.35,15,23.60,3,73.75,
2929,淘帝-KY,312711,362,2868039,9.09,9.24,9.04,9.16,+,0.14,9.14,2,9.18,1,0.00,
2939,凱羿-KY,16060,23,416915,26.50,26.50,25.50,25.85,+,0.10,25.50,19,25.85,3,0.00,
2945,三商家購,40262,57,1756676,44.00,44.05,43.25,43.30,-,0.75,43.40,1,43.45,1,28.87,
3002,歐格,449238,213,6617731,14.80,15.10,14.55,14.55,-,0.25,14.55,13,14.65,4,132.27,
3003,健和興,2377152,1975,172293297,71.50,73.70,71.10,72.00,+,1.20,72.00,6,72.10,29,20.63,
3004,豐達科,426640,517,43557243,104.00,104.00,101.00,101.00,-,3.00,101.00,12,101.50,5,17.72,
3005,神基,7477956,5078,793635570,106.50,109.50,105.00,105.00,-,2.00,105.00,146,105.50,3,17.10,
3006,晶豪科,5995734,4919,462556383,79.20,79.60,76.00,76.10,-,3.00,76.10,65,76.20,6,0.00,
3008,大立光,484138,3354,1023500290,2125.00,2135.00,2090.00,2110.00,-,10.00,2110.00,8,2115.00,1,15.73,
3010,華立,2173454,2196,264890449,123.00,124.50,120.00,121.00,-,2.00,120.50,41,121.00,14,13.52,
3011,今皓,539425,763,15951133,29.75,30.55,29.10,29.15,-,0.10,29.10,25,29.15,2,0.00,
3013,晟銘電,19903527,12351,1395852407,72.70,73.40,67.60,67.80,-,6.20,67.80,111,67.90,23,52.56,
3014,聯陽,1222651,1093,192828076,157.00,159.50,155.50,158.50,+,1.50,158.00,12,158.50,12,16.08,
3015,全漢,12586784,8726,844582771,70.70,72.00,63.30,64.80,-,3.60,64.50,9,64.80,9,20.25,
3016,嘉晶,1041017,867,61968657,59.00,61.00,58.60,59.40,+,0.80,59.20,1,59.50,29,104.21,
3017,奇鋐,19224070,23127,11282557204,600.00,611.00,567.00,567.00,-,63.00,0,0,567.00,275,40.97,
3018,隆銘綠能,27307,61,388097,14.20,14.25,14.20,14.20, ,0.00,13.30,3,14.20,1,0.00,
3019,亞光,507727,388,31567472,62.10,62.80,61.70,62.00, ,0.00,62.00,2,62.10,4,22.30,
3021,鴻名,99660,74,2211029,22.30,22.40,22.10,22.10,-,0.20,22.10,15,22.15,1,16.49,
3022,威強電,475037,425,36329713,77.20,77.40,75.90,76.20,-,0.40,76.10,9,76.20,1,9.73,
3023,信邦,975581,1352,269974889,276.50,279.00,274.00,278.50,-,0.50,277.00,1,278.50,9,20.24,
3024,憶聲,18340901,4246,350424473,18.30,19.45,18.30,18.90,+,0.85,18.90,71,18.95,103,48.46,
3025,星通,1301608,1649,87624882,68.00,69.20,66.00,66.00,-,1.50,65.90,5,66.00,1,18.75,
3026,禾伸堂,415566,351,39424375,95.00,95.50,94.60,94.60,-,0.60,94.60,19,94.90,3,18.44,
3027,盛達,13988805,9365,683390263,47.50,50.40,47.25,47.40,+,0.05,47.40,113,47.45,10,76.45,
3028,增你強,466465,392,16355834,35.00,35.25,34.90,35.00, ,0.00,35.00,5,35.05,4,17.50,
3029,零壹,967557,1210,70044229,73.10,74.30,71.30,71.80,-,0.90,71.70,9,71.80,1,16.03,
3030,德律,1828626,2141,167641197,93.20,94.20,90.50,91.60,-,1.80,91.30,30,91.70,6,21.60,
3031,佰鴻,351437,182,6874560,19.60,19.70,19.35,19.60,+,0.10,19.55,4,19.60,1,18.67,
3032,偉訓,1072975,1029,77122446,73.40,73.40,71.10,71.20,-,1.30,71.20,11,71.50,4,13.19,
3033,威健,5277627,2948,172331859,32.55,33.05,32.25,32.50, ,0.00,32.50,11,32.55,18,17.66,
3034,聯詠,5653427,7380,3282812871,584.00,591.00,573.00,574.00,-,14.00,574.00,22,575.00,4,14.98,
3035,智原,10109535,13879,3003643066,306.00,308.00,289.50,290.00,-,16.00,290.00,43,290.50,23,45.31,
3036,文曄,10953303,7487,1615107038,150.50,153.50,144.50,145.00,-,7.00,144.50,314,145.00,13,38.98,
3036A,文曄甲特,11000,6,515900,46.90,46.90,46.90,46.90,-,0.10,46.85,4,47.00,26,0.00,
3037,欣興,11506829,8507,1940431809,170.00,171.50,166.50,167.50,-,2.50,167.50,192,168.00,3,21.31,
3038,全台,491748,559,14954435,30.65,30.75,30.20,30.25,-,0.40,30.25,4,30.35,2,10.77,
3040,遠見,20945,213,621508,29.60,29.70,29.50,29.70,+,0.20,29.65,4,29.80,2,29.12,
3041,揚智,1608235,1559,34193681,21.85,21.95,20.80,20.80,-,1.10,20.80,56,20.85,1,0.00,
3042,晶技,2093244,2060,217835306,106.00,107.00,102.50,103.50,-,3.00,103.00,23,103.50,31,18.72,
3043,科風,142230,505,4380505,31.00,31.85,30.35,30.35,-,0.65,30.35,4,30.55,1,0.00,
3044,健鼎,4023700,2950,775381717,196.00,196.50,191.00,191.00,-,2.50,190.50,42,191.00,17,16.57,
3045,台灣大,12489096,5583,1300332200,103.00,105.00,102.50,104.50,+,2.50,104.00,265,104.50,181,25.74,
3046,建碁,281769,298,16595935,58.50,59.80,58.40,58.60,-,0.90,58.60,6,58.80,3,19.80,
3047,訊舟,1015799,451,14453488,14.15,14.40,14.15,14.20,+,0.05,14.15,119,14.20,8,0.00,
3048,益登,214459,445,4904121,22.85,23.15,22.65,22.80, ,0.00,22.75,32,22.80,2,1140.00,
3049,精金,1118733,514,8722734,7.75,7.84,7.70,7.83,+,0.10,7.83,85,7.84,14,0.00,
3050,鈺德,2561808,741,55286683,21.40,22.00,21.15,21.35,-,0.05,21.30,11,21.35,3,42.70,
3051,力特,1939200,1629,69231923,36.30,36.90,35.20,35.20,-,1.10,35.20,7,35.25,10,34.17,
3052,夆典,10034967,3208,144194960,14.20,14.90,13.80,13.80,-,0.20,13.80,81,13.85,99,13.53,
3054,立萬利,22000,14,447500,20.50,20.50,20.20,20.30,-,0.10,20.15,2,20.40,4,338.33,
3055,蔚華科,1571894,2070,110773387,72.70,72.90,69.10,69.10,-,2.40,69.10,18,69.20,2,0.00,
3056,富華新,5260242,3676,162797457,31.00,31.60,30.20,30.60,-,0.40,30.60,18,30.65,5,34.00,
3057,喬鼎,208835,337,2380622,11.30,11.65,11.25,11.60,+,0.20,11.45,25,11.60,1,0.00,
3058,立德,4265508,2181,99125844,23.00,23.80,22.65,22.85,+,0.40,22.85,6,22.95,1,84.63,
3059,華晶科,2717758,2143,100397298,37.50,38.15,36.30,36.40,-,0.95,36.40,27,36.45,1,28.66,
3060,銘異,2765594,1769,70031400,26.15,26.15,24.80,24.90,-,1.25,24.85,1,24.90,2,0.00,
3062,建漢,1786470,997,37717823,21.20,21.50,20.90,20.90,-,0.20,20.90,103,20.95,1,0.00,
3090,日電貿,304053,625,17754388,58.30,58.90,58.10,58.30, ,0.00,58.30,1,58.40,1,17.56,
3092,鴻碩,335525,284,11160902,33.05,33.90,32.65,32.75,-,0.20,32.75,1,33.05,2,0.00,
3094,聯傑,229809,193,6998724,30.50,30.90,30.20,30.20,-,0.25,30.20,9,30.30,1,49.51,
3130,一零四,17953,140,4064641,226.50,227.00,226.00,226.00, ,0.00,226.00,6,227.00,1,16.62,
3138,耀登,218387,760,26922198,125.00,125.50,121.50,122.50,-,1.50,122.50,3,123.00,5,27.78,
3149,正達,442685,292,10238525,22.85,23.45,22.70,23.10,+,0.25,23.10,19,23.20,1,0.00,
3164,景岳,17248,138,379935,21.85,22.05,21.85,21.95,-,0.15,21.95,19,22.05,1,57.76,
3167,大量,697147,753,40496895,60.00,61.00,57.10,57.50,-,2.50,57.50,4,57.60,6,359.38,
3168,眾福科,202136,155,12581846,62.10,62.70,62.10,62.10,-,0.10,62.00,25,62.20,1,15.45,
3189,景碩,2263948,1763,214352244,94.40,95.50,93.80,94.50,+,0.50,94.50,20,94.90,3,945.00,
3209,全科,711305,712,23718994,33.55,33.55,33.20,33.30,-,0.20,33.30,9,33.40,81,12.96,
3229,晟鈦,38153,24,577102,15.40,15.40,15.05,15.05, ,0.00,15.05,17,15.20,1,0.00,
3231,緯創,77756321,47691,8612459005,113.00,114.00,108.50,108.50,-,6.50,108.50,1317,109.00,146,27.12,
3257,虹冠電,257310,226,15247370,59.20,60.00,59.00,59.00,-,0.20,59.00,45,59.10,1,18.91,
3266,昇陽,2643856,1143,54145223,19.85,21.25,19.65,20.00,+,0.50,20.00,11,20.05,4,10.31,
3296,勝德,1665179,1031,43813514,26.50,27.20,25.55,26.00,+,0.50,26.00,48,26.15,8,0.00,
3305,昇貿,1817809,1713,113986147,61.40,64.20,61.20,61.50,+,0.40,61.50,26,61.60,4,35.34,
3308,聯德,362656,364,9331318,25.60,26.60,25.25,25.30,-,0.20,25.25,6,25.30,2,4.26,
3311,閎暉,42856,60,1658682,38.55,38.90,38.55,38.90,+,0.35,38.70,1,38.80,1,22.10,
3312,弘憶股,9237675,4932,412771233,46.35,47.00,43.00,43.15,-,3.05,43.15,58,43.20,117,21.79,
3321,同泰,311208,461,5310183,17.20,17.35,16.90,17.05, ,0.00,17.05,15,17.15,14,0.00,
3338,泰碩,2538537,2234,167312640,68.30,68.30,64.80,64.80,-,3.00,64.80,2,64.90,3,23.31,
3346,麗清,997111,641,41979311,42.30,42.70,41.60,41.60,-,0.50,41.60,13,41.70,4,15.18,
3356,奇偶,695197,602,35747845,51.50,52.20,50.90,51.10,-,0.50,51.10,3,51.20,6,15.97,
3376,新日興,3601275,2863,549959131,158.00,158.50,149.50,152.00,-,4.50,151.50,9,152.00,2,35.35,
3380,明泰,961434,814,30228102,31.30,31.75,31.20,31.45,+,0.30,31.45,5,31.50,4,31.14,
3406,玉晶光,926731,1711,388766305,426.00,426.00,415.00,415.00,-,9.00,415.00,4,415.50,1,15.23,
3413,京鼎,1684186,6698,473182974,283.50,288.00,276.00,279.00,-,9.00,277.50,15,279.50,9,13.66,
3416,融程電,228539,289,31686160,139.50,140.00,137.50,138.50,-,1.00,138.50,5,139.00,3,21.41,
3419,譁裕,193776,325,3081633,16.10,16.20,15.75,15.80, ,0.00,15.80,17,15.95,1,0.00,
3432,台端,218563,166,3764130,17.20,17.90,17.05,17.05,-,0.95,17.05,12,17.40,1,0.00,
3437,榮創,871044,690,23418683,27.20,27.50,26.50,26.55,-,0.20,26.55,3,26.60,8,0.00,
3443,創意,3276075,6742,3689770865,1150.00,1180.00,1090.00,1105.00,-,50.00,1105.00,1,1110.00,8,42.22,
3447,展達,49355,53,1468505,30.05,30.10,29.55,29.60,-,0.45,29.55,8,29.60,1,0.00,
3450,聯鈞,4696529,3536,280338243,61.20,61.50,58.30,58.30,-,2.60,58.30,10,58.40,5,0.00,
3454,晶睿,137358,199,17889518,131.50,133.00,129.00,129.00,-,2.00,129.00,14,130.00,1,22.83,
3481,群創,82612501,19796,1086663868,13.40,13.45,13.00,13.00,-,0.55,13.00,5786,13.05,441,0.00,
3494,誠研,105826,72,537541,5.08,5.18,5.00,5.00,-,0.08,5.00,6,5.09,1,0.00,
3501,維熹,386721,338,23126577,60.10,60.90,59.00,59.60,-,0.40,59.50,1,59.60,3,13.89,
3504,揚明光,289658,363,15502658,54.20,54.50,53.00,53.30,-,0.60,53.20,3,53.40,8,0.00,
3515,華擎,593775,1111,132799258,228.50,231.00,220.50,221.00,-,7.00,221.00,9,221.50,1,29.23,
3518,柏騰,277356,205,7476395,27.50,27.50,26.50,26.95,-,0.45,26.95,2,27.00,5,0.00,
3528,安馳,20487,29,974664,48.40,48.40,47.30,47.30,-,0.35,47.25,4,47.30,1,28.67,
3530,晶相光,241281,297,22489859,93.80,95.20,92.00,92.00,-,1.10,91.90,1,92.00,1,0.00,
3532,台勝科,1217288,1063,202730577,164.50,168.50,164.00,165.50,+,1.00,165.50,1,166.00,5,18.55,
3533,嘉澤,2412663,2969,3142017969,1365.00,1365.00,1270.00,1295.00,-,70.00,1295.00,10,1300.00,2,25.78,
3535,晶彩科,2111653,1030,48221237,21.90,23.15,21.90,23.15,+,2.10,23.15,297,0,0,0.00,
3543,州巧,263151,120,6006162,22.50,23.15,22.50,22.85,+,0.30,22.85,2,22.90,2,25.97,
3545,敦泰,1857977,1650,149708233,81.50,82.20,79.60,79.60,-,2.10,79.60,9,79.70,12,47.66,
3550,聯穎,99080,81,1438205,14.80,14.80,14.35,14.70,+,0.20,14.50,1,14.70,2,0.00,
3557,嘉威,304272,262,20673142,67.80,68.50,67.10,68.20,+,1.20,68.20,2,68.30,2,14.18,
3563,牧德,2901164,3528,1156579684,413.50,416.50,386.00,391.00,-,29.00,391.00,3,391.50,11,53.34,
3576,聯合再生,18181520,6165,226437408,12.25,12.75,12.20,12.20,+,0.20,12.20,62,12.25,188,0.00,
3583,辛耘,5851266,10384,1825807747,317.00,323.50,302.50,304.50,-,12.00,304.50,29,305.00,11,37.59,
3588,通嘉,721011,865,61633217,88.00,88.60,83.80,83.90,-,4.10,83.90,2,84.00,3,171.22,
3591,艾笛森,573294,400,13184413,23.40,23.40,22.75,22.85,-,0.55,22.80,1,22.85,6,67.21,
3592,瑞鼎,474667,1004,196880091,421.00,423.50,411.00,411.00,-,9.00,411.00,2,412.50,1,21.61,
3593,力銘,43118,38,457674,10.75,10.75,10.55,10.75,-,0.10,10.65,4,10.80,3,0.00,
3596,智易,1229643,1674,215799260,175.00,179.00,174.00,174.00,-,0.50,174.00,5,174.50,23,15.85,
3605,宏致,2243762,1910,89114416,40.80,41.25,38.30,38.50,-,1.70,38.50,20,38.60,2,0.00,
3607,谷崧,516178,481,8655510,16.65,17.05,16.60,16.60,-,0.25,16.60,122,16.70,2,0.00,
3617,碩天,2597428,2613,627751816,235.00,247.00,235.00,240.50,+,7.00,239.00,8,240.50,6,14.81,
3622,洋華,7238876,5292,459276508,63.50,66.80,60.10,60.70,-,1.60,60.60,50,60.70,43,16.19,
3645,達邁,1952026,1568,86877891,46.50,46.60,43.30,43.65,-,2.35,43.60,36,43.80,20,0.00,
3652,精聯,103393,65,2899366,28.75,28.75,27.85,28.00,-,0.05,28.00,15,28.05,1,51.85,
3653,健策,1453495,7618,1283593549,915.00,922.00,869.00,869.00,-,38.00,869.00,3,870.00,1,53.25,
3661,世芯-KY,3212298,8371,9111046000,2870.00,2925.00,2760.00,2765.00,-,95.00,2760.00,13,2765.00,5,61.80,
3665,貿聯-KY,1410231,1237,318369257,225.00,228.00,224.00,226.00,-,0.50,225.50,2,226.00,1,15.93,
3669,圓展,111040,121,5223114,47.35,47.95,46.70,46.70,-,0.75,46.60,4,46.95,1,17.36,
3673,TPK-KY,1138179,808,41506331,36.45,37.10,36.00,36.00,-,0.30,36.00,65,36.10,2,70.59,
3679,新至陞,114987,347,14055336,123.50,123.50,121.50,121.50,-,1.00,121.00,9,122.00,1,15.72,
3686,達能,4079630,1891,71922137,16.95,18.35,16.60,18.35,+,1.65,18.35,61032,0,0,0.00,
3694,海華,1399139,935,61382027,44.80,45.30,43.30,43.30,-,1.50,43.30,2,43.35,1,19.77,
3701,大眾控,611378,465,34106018,56.00,56.60,55.20,55.20,-,1.30,55.20,3,55.40,4,38.87,
3702,大聯大,9244802,6472,808782286,88.60,90.40,86.60,86.70,-,2.00,86.70,68,86.80,25,20.07,
3702A,大聯大甲特,213250,64,10213955,48.05,48.10,47.80,48.10,+,0.10,48.00,1,48.10,4,0.00,
3703,欣陸,71953251,34346,2826668882,41.00,42.65,35.80,37.25,-,1.85,37.20,5,37.25,7,17.82,
3704,合勤控,2476622,2018,102879683,41.75,42.70,40.80,41.05,-,0.55,41.05,18,41.10,1,12.29,
3705,永信,148506,158,7135682,48.00,48.35,47.85,48.15,+,0.15,48.15,2,48.20,4,15.48,
3706,神達,13205363,8598,567213897,44.00,44.15,42.20,42.20,-,1.50,42.20,286,42.25,2,28.51,
3708,上緯投控,21780214,13558,3329190861,145.50,159.50,144.00,148.50,+,3.50,148.00,60,148.50,118,11.57,
3711,日月光投控,15790307,9166,2281410796,145.50,146.00,141.50,144.50,-,1.50,144.50,77,145.00,10,19.63,
3712,永崴投控,3970873,2964,185930928,47.90,48.50,45.65,45.75,-,1.55,45.75,15,45.85,2,19.81,
3714,富采,2262350,1466,89393649,39.00,39.95,38.90,39.50,+,0.95,39.35,2,39.50,4,0.00,
3715,定穎投控,7220083,6358,501704127,71.30,72.50,68.00,68.00,-,3.90,68.00,371,68.10,5,18.84,
4104,佳醫,289902,683,26135249,90.00,90.60,89.70,90.50,+,0.50,90.40,5,90.50,14,18.85,
4106,雃博,85951,109,2370399,27.60,27.85,27.50,27.55,+,0.10,27.50,12,27.55,14,18.24,
4108,懷特,168215,342,3278346,19.70,19.75,19.40,19.45, ,0.00,19.45,6,19.55,5,0.00,
4119,旭富,236005,242,20368485,86.80,86.80,86.00,86.50,+,0.10,86.50,5,86.60,1,35.02,
4133,亞諾法,156587,244,4746231,30.00,30.50,30.00,30.20,+,0.15,30.20,1,30.45,3,41.94,
4137,麗豐-KY,120086,138,22748249,190.00,191.50,188.00,190.00,+,0.50,190.00,3,190.50,2,14.62,
4142,國光生,1247643,865,33866094,27.35,27.55,26.90,26.90,-,0.45,26.90,4,27.00,17,0.00,
4148,全宇生技-KY,191021,104,9606900,50.00,51.80,49.25,51.00,+,1.00,50.50,1,51.10,1,23.39,
4155,訊映,239680,210,5720740,23.85,23.95,23.80,23.90,+,0.05,23.85,4,23.90,2,1195.00,
4164,承業醫,460449,440,26091156,56.30,57.40,55.90,56.40,+,0.80,56.40,20,56.50,2,22.38,
4190,佐登-KY,81939,356,4062065,49.60,50.20,49.25,49.55,-,0.25,49.45,10,49.60,1,0.00,
4306,炎洲,15397368,5445,306685261,19.85,20.50,19.35,19.75,+,0.30,19.70,1,19.75,46,15.43,
4414,如興,575846,330,2028252,3.58,3.61,3.50,3.53,-,0.04,3.52,9,3.54,35,0.00,
4426,利勤,292339,199,4574259,16.00,16.05,15.40,15.65,-,0.25,15.50,2,15.65,13,0.00,
4438,廣越,141021,156,14987207,106.50,107.50,106.00,106.00,-,1.00,106.00,10,106.50,2,14.93,
4439,冠星-KY,20176,775,2140589,106.50,106.50,106.00,106.00,-,0.50,106.00,18,106.50,11,9.94,
4440,宜新實業,65300,46,1556613,23.65,24.05,23.65,23.85,+,0.20,23.80,16,23.85,1,35.60,
4526,東台,4496815,2487,106461436,24.30,24.50,23.10,23.30,-,0.70,23.25,6,23.30,15,116.50,
4532,瑞智,16153489,8144,455850110,27.50,29.75,27.10,27.40,+,0.10,27.35,42,27.40,23,18.27,
4536,拓凱,173850,1049,32421474,187.50,188.00,185.00,186.50,+,1.00,185.00,9,186.50,4,11.97,
4540,全球傳動,169772,139,5432762,32.25,32.60,31.65,31.85,+,0.15,31.75,3,31.95,1,0.00,
4545,銘鈺,107315,116,3368572,31.90,31.90,31.10,31.40,-,0.20,31.40,1,31.45,2,29.07,
4551,智伸科,166625,169,15994009,95.70,96.80,95.30,95.30,-,0.80,95.30,1,95.50,1,21.32,
4552,力達-KY,128281,525,3846008,30.30,30.30,29.85,30.00,-,0.15,30.00,5,30.10,8,8.67,
4555,氣立,15030,15,935275,62.40,62.50,61.90,62.40,-,0.80,61.80,1,62.70,1,0.00,
4557,永新-KY,36195,55,4251977,117.50,119.50,117.00,117.00,-,0.50,117.00,3,117.50,2,12.97,
4560,強信-KY,182014,68,6820424,37.10,37.85,37.10,37.40, ,0.00,37.35,1,37.45,1,35.28,
4562,穎漢,539236,320,10057802,18.40,19.05,18.30,18.40,-,0.05,18.40,16,18.45,2,0.00,
4564,元翎,757182,940,16336727,21.65,21.80,21.45,21.50,-,0.10,21.45,47,21.50,3,0.00,
4566,時碩工業,192287,140,9809357,51.00,51.50,50.70,50.70,-,0.10,50.70,3,50.90,2,17.60,
4569,六方科-KY,2002,4,187590,93.00,94.40,93.00,94.40,-,1.10,94.10,1,95.40,2,30.95,
4571,鈞興-KY,59334,63,5376735,91.50,92.00,90.10,90.70,-,1.00,90.50,1,90.90,1,17.54,
4572,駐龍,326464,312,51889883,163.00,163.00,157.50,159.00,+,0.50,159.00,20,159.50,2,25.60,
4576,大銀微系統,249721,247,17583640,71.50,72.00,69.60,69.70,-,1.20,69.70,2,70.20,1,1742.50,
4581,光隆精密-KY,74382,110,4707839,63.50,63.80,62.80,62.90,-,0.60,62.90,2,63.20,6,10.48,
4583,台灣精銳,179348,194,40913714,222.50,232.00,222.50,229.00,+,4.00,229.00,9,229.50,1,21.03,
4588,玖鼎電力,1406014,1641,178498638,134.00,134.00,123.50,123.50,-,13.50,0,0,123.50,96,30.65,
4720,德淵,581985,431,9874902,17.05,17.30,16.65,16.70,-,0.20,16.65,12,16.70,3,22.57,
4722,國精化,115303,111,4592631,39.80,40.25,39.60,40.10,+,0.45,40.00,1,40.10,2,24.01,
4736,泰博,95271,137,14604385,152.50,154.00,152.50,153.50,+,1.00,153.50,6,154.00,11,14.39,
4737,華廣,81143,189,5567082,68.90,68.90,68.30,68.40,-,0.50,68.40,3,68.70,1,684.00,
4739,康普,260018,479,15451056,58.70,60.40,58.70,59.20,+,0.90,59.10,1,59.20,1,0.00,
4746,台耀,2026606,2180,201899929,101.50,103.00,98.20,98.70,-,2.30,98.70,29,98.80,3,94.00,
4755,三福化,380526,489,53739776,145.50,145.50,139.00,140.00,-,4.00,140.00,10,140.50,6,31.75,
4763,材料-KY,3993665,8930,2954945811,758.00,775.00,715.00,730.00,-,34.00,730.00,14,731.00,3,12.12,
4764,雙鍵,39100,43,1360555,36.30,36.30,34.30,34.50,+,0.70,34.40,1,34.50,1,0.00,
4766,南寶,712634,752,240671004,337.00,346.00,331.50,331.50,-,3.50,331.50,3,333.00,4,16.46,
4770,上品,735675,1099,300901613,418.00,423.00,402.00,402.00,-,17.00,402.00,17,405.00,2,19.05,
4771,望隼,277480,379,81429700,289.00,299.50,287.00,291.50,+,4.50,291.00,2,291.50,2,27.19,
4807,日成-KY,3608,6,64149,17.85,17.95,17.65,17.65,+,0.05,17.60,1,17.70,1,0.00,
4904,遠傳,6895864,3703,557981758,80.60,81.40,80.10,81.00,+,0.80,81.00,306,81.10,5,26.13,
4906,正文,1890444,1191,60894648,32.20,32.55,32.00,32.25,+,0.05,32.25,21,32.30,32,21.50,
4912,聯德控股-KY,475105,484,56780261,122.00,122.00,117.50,120.00,-,1.00,119.00,4,120.00,5,28.71,
4915,致伸,4611859,3482,395471269,86.00,86.50,84.60,85.80,+,0.40,85.50,2,85.90,1,15.98,
4916,事欣科,541062,466,17521453,32.55,32.80,32.10,32.10,-,0.05,32.10,12,32.15,5,39.15,
4919,新唐,2297505,1854,294316071,127.50,129.50,127.00,127.50,+,0.50,127.50,17,128.00,4,22.10,
4927,泰鼎-KY,346173,297,13377300,38.70,38.95,38.45,38.55,+,0.15,38.55,17,38.60,1,0.00,
4930,燦星網,301286,425,10493395,34.30,35.35,34.25,34.35,+,0.05,34.35,1,34.50,4,9.52,
4934,太極,535391,348,12373188,23.70,23.70,22.70,22.85,-,0.65,22.85,20,23.00,12,0.00,
4935,茂林-KY,631189,433,37672181,60.60,60.60,58.70,59.40,-,1.20,59.30,4,59.50,6,23.11,
4938,和碩,7592009,5682,718222566,94.80,95.40,93.60,94.50,-,0.30,94.50,6,94.60,24,16.02,
4942,嘉彰,188176,148,8514357,45.25,45.45,45.05,45.15,-,0.10,45.15,7,45.20,2,10.45,
4943,康控-KY,18190,49,389488,22.00,22.00,20.65,21.55,-,0.75,20.85,10,21.55,4,0.00,
4952,凌通,439287,506,21142841,49.05,49.05,47.80,47.90,-,0.80,47.90,10,48.00,1,31.10,
4956,光鋐,3086100,1712,65807082,21.75,22.15,20.80,20.80,-,0.85,20.75,43,20.80,18,0.00,
4958,臻鼎-KY,7394523,3911,839190587,112.50,115.00,111.50,113.00,+,1.00,112.50,360,113.00,39,17.25,
4960,誠美材,3502344,1215,42580889,12.25,12.40,12.10,12.10,-,0.15,12.10,168,12.15,4,0.00,
4961,天鈺,2090861,3291,472815570,230.50,231.50,222.50,222.50,-,9.00,222.50,10,223.00,3,12.52,
4967,十銓,1925111,2491,152077072,80.20,81.60,77.50,77.90,-,2.30,77.90,12,78.00,4,23.05,
4968,立積,1397698,1508,231153629,168.00,169.50,162.50,162.50,-,6.50,162.50,22,163.00,23,0.00,
4976,佳凌,680875,878,27015639,40.20,40.90,38.85,38.90,-,1.30,38.90,18,39.00,5,0.00,
4977,眾達-KY,514752,891,36870928,72.80,72.80,70.50,70.80,-,1.40,70.80,10,70.90,12,16.66,
4989,榮科,253652,172,6525287,25.50,26.30,25.30,25.40,-,0.05,25.40,9,25.45,1,0.00,
4994,傳奇,394113,390,44834713,117.00,118.00,111.00,117.00,+,2.50,113.50,3,117.00,7,49.79,
4999,鑫禾,70589,537,2346114,33.20,33.30,33.20,33.20, ,0.00,33.20,20,33.25,2,664.00,
5007,三星,70491,83,3959051,56.20,56.40,56.00,56.10,-,0.10,56.10,1,56.20,1,16.60,
5203,訊連,133577,214,11193301,84.20,84.90,83.10,84.40,+,0.40,84.40,4,84.80,1,30.04,
5215,科嘉-KY,54530,77,2612943,48.00,48.60,47.30,47.50,-,0.45,47.50,1,47.55,1,17.27,
5222,全訊,1254898,1945,212589660,173.00,173.00,167.00,167.00,-,7.50,167.00,4,167.50,11,28.55,
5225,東科-KY,1137918,1093,130589262,116.00,118.00,113.00,114.00,-,1.50,113.50,12,114.00,36,15.22,
5234,達興材料,1533089,1260,209374136,138.50,141.00,133.50,135.00,-,3.50,134.50,37,135.00,15,26.47,
5243,乙盛-KY,695376,698,37474617,54.20,54.90,53.30,53.70,-,0.40,53.60,11,53.70,3,15.13,
5244,弘凱,131816,155,5737858,44.30,44.30,43.30,43.30,-,0.70,43.30,2,43.40,1,18.04,
5258,虹堡,1154812,1224,144318397,126.50,128.00,123.00,123.00,-,4.50,123.00,64,123.50,15,14.24,
5269,祥碩,1103282,2762,2025220955,1940.00,1940.00,1795.00,1815.00,-,105.00,1815.00,7,1825.00,2,56.51,
5283,禾聯碩,49087,90,5594782,114.00,114.00,113.50,113.50, ,0.00,113.50,19,114.00,40,14.59,
5284,jpp-KY,2963705,2397,467064324,166.00,166.00,150.50,153.00,-,14.00,152.50,2,153.50,7,18.37,
5285,界霖,101299,86,6440732,63.70,64.70,63.00,63.20,-,0.50,63.10,3,63.40,1,36.11,
5288,豐祥-KY,19030,18,3633290,192.50,192.50,190.00,190.00,-,3.00,190.00,1,190.50,2,12.23,
5292,華懋,122157,151,16743244,137.00,138.50,136.00,136.00, ,0.00,136.50,2,137.00,4,15.51,
5306,桂盟,98262,189,13646155,138.50,140.00,138.00,138.50,+,0.50,138.00,15,138.50,1,23.51,
5388,中磊,2596104,2700,314540472,120.50,122.50,120.00,121.00,-,0.50,120.50,104,121.00,19,14.09,
5434,崇越,3752484,6828,945350258,256.50,256.50,248.50,249.50,-,8.50,249.50,21,250.00,14,16.61,
5469,瀚宇博,3235801,2304,177935019,55.60,56.20,54.30,54.40,-,1.30,54.40,66,54.50,3,10.73,
5471,松翰,472612,520,23252428,50.10,50.10,48.75,48.95,-,0.80,48.90,6,49.00,5,44.10,
5484,慧友,125074,70,2884301,22.80,23.35,22.80,23.15,+,0.35,23.15,6,23.30,3,0.00,
5515,建國,18041034,9532,489571718,27.30,28.80,25.25,25.40,-,1.60,25.35,45,25.40,111,18.96,
5519,隆大,2996076,2444,127122623,42.05,43.70,41.20,41.60,-,0.60,41.60,9,41.70,1,11.27,
5521,工信,91430915,22437,1378652200,14.75,15.75,13.90,13.90,-,0.45,13.90,299,13.95,528,99.29,
5522,遠雄,6572938,3953,410860336,62.20,64.80,60.80,62.40,+,0.20,62.30,15,62.40,31,13.11,
5525,順天,916179,694,33457235,35.90,37.50,35.75,35.90,+,0.15,35.80,15,35.90,2,14.36,
5531,鄉林,15768058,3870,175996917,10.70,11.55,10.60,10.80,+,0.30,10.75,46,10.80,148,0.00,
5533,皇鼎,8877876,3427,235379875,24.80,27.25,24.80,25.85,+,1.05,25.85,2,25.90,94,8.29,
5534,長虹,12117946,12173,1527767718,122.50,133.00,121.50,124.50,+,1.50,124.00,8,124.50,6,19.70,
5538,東明-KY,38181,39,1115154,28.65,29.55,28.65,29.40,+,0.80,29.10,1,29.40,3,43.88,
5546,永固-KY,60030,48,1939692,31.80,32.95,31.80,32.15,+,0.35,32.10,4,32.20,1,0.00,
5607,遠雄港,2168670,1398,125803997,56.80,59.30,56.60,57.00,+,0.90,57.00,13,57.10,25,21.51,
5608,四維航,3362805,2426,63912817,18.95,19.35,18.55,18.55, ,0.00,18.55,109,18.60,6,0.00,
5706,鳳凰,1961613,2182,139685722,69.60,72.80,69.60,71.30,+,1.90,71.30,2,71.40,3,29.22,
5871,中租-KY,4708084,3688,808334636,169.50,173.00,168.00,172.50,+,4.50,172.00,70,172.50,77,12.16,
5871A,中租-KY甲特,28621,25,2770376,96.80,96.80,96.80,96.80, ,0.00,96.80,1,97.00,3,0.00,
5876,上海商銀,5589869,2418,254540570,45.45,45.75,45.10,45.55,+,0.55,45.55,60,45.60,2,15.08,
5880,合庫金,12222422,4751,318683022,25.80,26.20,25.70,26.10,+,0.50,26.10,291,26.15,90,22.31,
5906,台南-KY,10090,9,600320,60.60,60.60,59.00,59.50,-,0.30,59.00,1,59.80,1,18.54,
5907,大洋-KY,348984,205,2896624,8.45,8.45,8.22,8.29,-,0.11,8.26,10,8.30,7,0.00,
6005,群益證,55483313,17376,1355725316,23.85,25.45,23.50,24.70,+,1.20,24.65,2,24.70,173,13.00,
6024,群益期,370652,274,20152883,54.00,54.70,54.00,54.40,+,0.40,54.30,3,54.50,27,11.33,
6108,競國,282912,223,5650075,19.95,20.20,19.85,19.90,-,0.15,19.90,8,19.95,4,58.53,
6112,邁達特,669360,633,37518683,56.00,56.90,55.50,55.90,+,0.40,55.90,1,56.00,8,17.80,
6115,鎰勝,203368,321,10484221,51.30,51.80,51.30,51.70,+,0.40,51.60,6,51.70,11,18.33,
6116,彩晶,11070661,3912,109654725,10.00,10.05,9.78,9.84,-,0.16,9.83,175,9.84,10,0.00,
6117,迎廣,3943749,2907,309890494,80.80,82.00,76.10,76.10,-,5.20,76.00,121,76.10,29,74.61,
6120,達運,20913860,6892,348067925,15.70,17.00,15.60,16.80,+,1.05,16.75,333,16.80,202,98.82,
6128,上福,485003,347,18284481,37.30,38.00,37.25,37.85,+,0.65,37.80,1,37.85,2,11.13,
6133,金橋,601496,355,8036354,13.20,13.65,13.10,13.25,+,0.05,13.25,1,13.35,1,147.22,
6136,富爾特,416818,227,9222063,22.35,22.40,22.00,22.20,+,0.05,22.15,1,22.20,3,24.67,
6139,亞翔,3032810,4204,887121909,314.00,314.00,281.00,281.00,-,29.50,281.00,21,281.50,13,21.94,
6141,柏承,600219,288,10917152,18.05,18.50,17.85,17.85,-,0.10,17.80,18,17.95,5,0.00,
6142,友勁,218513,107,2047239,9.41,9.41,9.30,9.33,+,0.01,9.33,13,9.38,1,0.00,
6152,百一,325686,181,3213291,9.95,9.95,9.81,9.84,-,0.01,9.84,10,9.85,10,0.00,
6153,嘉聯益,1866653,1054,35601720,19.40,19.40,18.90,18.90,-,0.20,18.90,41,18.95,19,0.00,
6155,鈞寶,138033,83,3518083,25.55,25.70,25.10,25.50, ,0.00,25.50,21,25.55,2,30.00,
6164,華興,818967,431,11637461,14.30,14.50,14.10,14.10,-,0.15,14.10,27,14.15,1,0.00,
6165,浪凡,799599,739,33722761,41.70,42.70,41.70,41.95,+,0.95,41.90,8,42.00,10,174.79,
6166,凌華,836444,732,51284485,62.70,63.80,60.60,60.60,-,2.30,60.60,7,61.00,3,40.13,
6168,宏齊,384819,344,8717046,22.70,23.00,22.40,22.40,-,0.20,22.40,36,22.50,1,43.08,
6176,瑞儀,2982023,5304,523385677,177.00,179.00,173.00,175.00,-,2.00,174.00,6,175.00,26,15.42,
6177,達麗,9957666,5243,486922580,47.50,49.95,47.20,49.95,+,2.90,49.90,2,49.95,63,9.85,
6183,關貿,75432,186,5589405,74.40,74.70,73.50,73.80, ,0.00,73.70,2,73.90,1,22.99,
6184,大豐電,37235,37,2015300,54.40,54.40,54.00,54.10,+,0.20,54.00,35,54.20,1,15.37,
6189,豐藝,10853949,7728,892245279,85.50,86.20,79.80,80.70,-,6.20,80.60,105,80.70,22,20.23,
6191,精成科,6174085,5492,420864146,70.40,71.00,67.10,67.20,-,3.20,67.20,11,67.30,13,10.01,
6192,巨路,1066606,1184,120587216,113.00,115.00,110.50,113.50,+,3.00,113.50,46,114.00,13,13.89,
6196,帆宣,1863713,2342,281443956,152.00,154.00,149.00,150.00,-,4.50,150.00,7,150.50,23,13.97,
6197,佳必琪,6714290,5114,909293445,137.50,141.00,131.50,134.50,-,1.50,134.50,10,135.00,27,25.87,
6201,亞弘電,45875,59,2790790,60.80,61.40,60.60,61.00,+,0.20,61.00,8,61.30,1,13.17,
6202,盛群,1280325,1478,72213260,56.90,57.40,55.70,55.90,-,1.10,55.90,9,56.00,6,114.08,
6205,詮欣,1060948,404,73977554,69.80,70.70,69.20,69.40,-,0.60,69.40,6,69.80,5,33.53,
6206,飛捷,406594,614,32970280,81.80,82.00,80.60,81.20, ,0.00,81.10,4,81.20,4,23.13,
6209,今國光,294411,201,7267727,24.60,24.90,24.50,24.70,+,0.10,24.65,7,24.70,4,0.00,
6213,聯茂,11193427,8204,1220448381,110.00,112.00,107.00,107.00,-,3.00,106.50,279,107.00,16,57.53,
6214,精誠,1063653,988,129761887,122.00,124.50,120.50,120.50,+,1.00,120.00,52,120.50,7,20.22,
6215,和椿,2477385,1734,91058207,38.15,38.60,35.50,35.95,-,2.40,35.95,17,36.00,4,37.84,
6216,居易,356676,643,12207857,34.00,34.55,33.90,34.00,+,0.30,33.90,11,34.00,2,25.76,
6224,聚鼎,224412,173,11532101,51.20,52.00,51.00,51.50,+,0.30,51.30,2,51.50,3,41.53,
6225,天瀚,16089,8,265115,16.50,16.50,16.40,16.40,+,0.60,16.30,1,16.40,1,52.90,
6226,光鼎,144081,95,1423350,9.97,9.97,9.83,9.92,+,0.06,9.86,1,9.92,4,0.00,
6230,尼得科超眾,5492090,5440,1426985674,250.00,273.00,239.00,239.00,-,9.50,239.00,1,240.00,3,34.05,
6235,華孚,3415918,3305,284854793,85.50,86.20,81.70,81.70,-,3.80,81.70,4,81.90,31,19.64,
6239,力成,5636072,7334,960827910,172.50,175.00,168.00,169.00,-,5.00,169.00,32,169.50,163,15.76,
6243,迅杰,528487,907,30918355,59.70,60.10,57.40,57.40,-,2.40,57.40,2,58.00,3,39.05,
6257,矽格,5454308,3848,375427364,70.50,70.50,68.00,68.30,-,2.20,68.20,41,68.30,12,17.97,
6269,台郡,1353829,1208,122908011,90.70,91.30,90.10,90.70, ,0.00,90.60,2,90.70,8,14.15,
6271,同欣電,1607779,1701,226314719,141.50,143.50,139.00,139.00,-,3.00,139.00,120,139.50,28,25.41,
6277,宏正,101636,111,8164613,80.20,80.60,79.90,80.30,+,0.50,80.10,8,80.50,7,16.98,
6278,台表科,2080680,1426,220686066,107.50,107.50,105.00,106.00,-,1.50,106.00,3,106.50,54,12.37,
6281,全國電,65446,98,5522856,84.60,84.60,84.20,84.30,+,0.10,84.20,27,84.30,2,16.43,
6282,康舒,11348957,7238,455540097,40.15,40.90,39.35,39.35,-,0.15,39.35,45,39.40,21,787.00,
6283,淳安,1159641,778,34640116,30.55,31.00,29.00,29.00,-,2.50,29.00,37,29.40,3,0.00,
6285,啟碁,4568673,3660,664303451,147.50,148.00,144.00,144.00,-,3.00,144.00,28,144.50,16,18.34,
6288,聯嘉,2663452,2286,83144961,32.00,32.35,30.55,30.55,-,1.35,30.55,2,30.60,1,611.00,
6405,悅城,64014,44,1490578,23.45,23.45,23.20,23.20,-,0.25,23.20,1,23.30,1,0.00,
6409,旭隼,173532,647,255850320,1500.00,1500.00,1460.00,1465.00,-,50.00,1465.00,1,1470.00,1,35.48,
6412,群電,1164028,1584,195270911,171.00,173.00,164.50,164.50,-,3.50,164.50,7,165.00,8,19.92,
6414,樺漢,1649193,2978,526622715,323.50,325.00,316.00,317.00,-,7.00,317.00,7,317.50,20,18.51,
6415,矽力*-KY,2518267,2362,839187858,332.00,341.00,327.00,330.50,-,5.50,330.50,7,331.00,1,170.36,
6416,瑞祺電通,611903,629,65645638,109.00,111.00,105.00,105.50,-,4.00,105.00,23,105.50,4,23.98,
6426,統新,136079,111,8531401,63.10,63.90,61.80,62.30,-,0.80,62.30,17,62.50,1,0.00,
6431,光麗-KY,98201,87,1175876,12.30,12.30,11.85,12.00,-,0.10,11.80,22,12.00,8,0.00,
6438,迅得,1069474,1066,130422430,122.50,124.00,120.50,120.50,-,2.00,120.50,18,121.00,12,14.00,
6442,光聖,1498036,1317,187716414,128.00,129.50,122.00,122.00,-,6.50,122.00,12,122.50,15,48.22,
6443,元晶,10995066,6373,314940110,29.00,29.40,28.00,28.00,-,0.70,28.00,42,28.05,1,27.18,
6446,藥華藥,1435876,1892,417507101,289.00,297.50,287.00,288.00,+,2.50,288.00,12,288.50,4,0.00,
6449,鈺邦,1029816,811,97864842,97.00,99.00,92.40,94.00,-,2.20,94.00,2,94.30,10,25.20,
6451,訊芯-KY,1085526,1176,159057631,151.00,151.50,143.50,144.00,-,5.50,144.00,9,144.50,4,35.21,
6456,GIS-KY,459452,435,25830616,56.20,56.60,55.80,56.30,-,0.10,56.30,4,56.40,2,0.00,
6464,台數科,20010,21,1717957,86.00,86.30,85.60,85.80,+,0.20,85.70,3,85.80,2,14.84,
6472,保瑞,2771903,4106,2003069666,712.00,737.00,704.00,718.00,+,12.00,718.00,5,720.00,8,23.98,
6477,安集,709589,491,27116992,37.95,38.80,37.60,37.70,+,0.10,37.65,7,37.70,5,31.16,
6491,晶碩,585362,832,266033567,451.50,459.50,446.50,458.00,+,3.00,458.00,1,458.50,2,21.57,
6504,南六,54461,74,3794578,69.50,70.70,69.00,69.50,+,0.10,69.30,2,69.80,3,42.12,
6505,台塑化,7786876,4624,559418109,70.40,72.80,70.10,72.70,+,3.40,72.60,55,72.70,10,31.61,
6515,穎崴,905334,1455,725302758,822.00,828.00,782.00,790.00,-,30.00,790.00,6,792.00,8,59.22,
6525,捷敏-KY,49267,65,3276398,66.90,66.90,66.30,66.60,-,0.30,66.50,3,66.80,1,15.17,
6526,達發,1220945,2925,801904222,679.00,679.00,640.00,640.00,-,35.00,640.00,10,641.00,13,109.59,
6531,愛普*,3080131,3434,1082719416,359.50,363.50,345.00,345.00,-,15.50,344.50,7,345.00,4,38.68,
6533,晶心科,602804,1421,229830970,389.50,391.50,376.50,376.50,-,13.00,376.50,13,378.50,1,0.00,
6534,正瀚-創,43330,41,3576960,84.50,84.50,81.70,82.90,-,0.20,82.50,1,83.00,5,18.38,
6541,泰福-KY,888348,946,39803680,45.70,45.70,44.00,45.35,-,0.75,45.35,4,45.50,1,0.00,
6550,北極星藥業-KY,858324,718,55594983,64.10,65.50,64.10,64.50,+,0.50,64.50,46,64.60,1,0.00,
6552,易華電,54140,95,1795894,33.30,33.60,33.05,33.25,-,0.40,33.25,3,33.30,1,369.44,
6558,興能高,91650,118,2091445,22.65,23.05,22.60,22.60,+,0.20,22.60,9,22.65,1,0.00,
6573,虹揚-KY,20210,22,255525,12.60,12.75,12.60,12.65, ,0.00,12.60,3,12.65,1,0.00,
6579,研揚,152546,194,22596116,148.00,150.00,146.00,148.00, ,0.00,148.00,1,148.50,4,24.50,
6581,鋼聯,53799,70,5157392,95.80,96.50,95.20,95.60,-,0.20,95.50,2,95.80,1,21.06,
6582,申豐,198335,209,10058849,49.90,51.70,49.90,50.30,+,0.80,50.30,2,50.40,3,0.00,
6585,鼎基,716204,1680,128513725,186.00,186.00,175.50,178.00,-,8.00,177.50,1,179.00,2,29.62,
6591,動力-KY,277696,230,14788154,53.40,54.40,52.80,53.10,-,0.50,53.10,2,53.20,3,15.95,
6592,和潤企業,685354,672,79685569,116.00,117.50,115.50,116.00,+,0.50,116.00,24,116.50,23,20.94,
6592A,和潤企業甲特,1366,2,133148,97.50,97.50,97.50,97.50,-,0.10,97.50,6,97.60,3,0.00,
6592B,和潤企業乙特,17217,29,1627263,94.70,94.70,94.40,94.50,-,0.20,94.50,2,94.60,2,0.00,
6598,ABC-KY,46550,76,920995,20.10,20.10,19.70,19.90,-,0.20,19.80,1,20.05,1,0.00,
6605,帝寶,1314754,2644,257165009,202.00,202.00,192.50,196.50,-,2.50,196.00,2,196.50,1,13.75,
6606,建德工業,140655,91,3752862,26.55,26.90,26.40,26.55, ,0.00,26.55,2,26.65,1,28.86,
6625,必應,275986,425,25983290,95.50,95.80,92.00,93.50,-,2.00,93.50,5,93.70,2,14.12,
6641,基士德-KY,40190,36,1687612,42.20,42.25,41.70,42.25,-,0.35,41.85,1,42.10,1,33.01,
6645,金萬林-創,220181,139,8675957,37.80,40.35,37.80,40.00,+,2.85,40.00,1,40.10,1,0.00,
6655,科定,31,14,3828,0,0,0,0, ,0.00,119.50,3,120.00,1,37.97,
6657,華安,123000,74,6608200,53.50,54.60,53.20,53.60,+,0.20,53.60,1,53.80,1,0.00,
6658,聯策,27151,27,1098906,40.50,41.35,39.85,40.25,-,0.05,40.25,4,41.15,1,43.75,
6666,羅麗芬-KY,21303,67,1347406,63.20,63.50,63.00,63.00,-,0.60,63.00,2,63.10,1,33.87,
6668,中揚光,2806215,2142,194795323,70.00,72.20,67.00,67.20,-,3.00,67.20,1,67.30,26,0.00,
6669,緯穎,3588793,9235,7752723770,2235.00,2245.00,2090.00,2160.00,-,155.00,2160.00,7,2165.00,2,31.36,
6670,復盛應用,737397,867,184509342,244.50,252.00,243.50,250.00,+,7.00,249.50,28,250.00,6,13.78,
6671,三能-KY,39000,25,1674150,43.00,43.00,42.80,42.85,+,0.05,42.80,2,42.90,1,14.83,
6672,騰輝電子-KY,197921,314,16314888,82.00,83.20,81.70,81.70,-,0.20,81.70,1,81.90,4,13.53,
6674,鋐寶科技,5000,4,124250,24.45,25.15,24.45,25.10,+,0.70,24.90,1,25.00,1,0.00,
6689,伊雲谷,229349,336,22754501,99.50,101.50,98.00,98.00,-,1.50,98.00,11,98.70,26,36.16,
6691,洋基工程,865077,1888,317390841,375.50,380.50,360.00,360.00,-,15.50,360.00,12,360.50,1,17.80,
6695,芯鼎,1287174,1097,71728476,57.00,57.60,54.60,54.60,-,2.30,54.60,34,54.80,12,0.00,
6698,旭暉應材,179792,1412,5873394,32.25,33.10,32.25,32.45,-,0.10,32.45,2,32.50,18,0.00,
6706,惠特,229475,379,11471872,50.20,50.30,49.60,49.80,-,0.50,49.75,3,49.80,2,0.00,
6715,嘉基,499453,668,78687921,162.50,162.50,154.00,154.00,-,9.00,154.00,9,155.00,3,24.33,
6719,力智,967920,1325,249409786,265.00,265.50,253.50,253.50,-,10.00,253.50,13,254.50,2,408.87,
6742,澤米,353999,647,26568701,77.00,77.00,74.10,74.50,-,1.60,74.50,1,75.10,1,177.38,
6743,安普新,279679,292,15977661,57.60,57.90,56.60,56.60, ,0.00,56.60,9,56.70,3,0.00,
6753,龍德造船,2523702,2325,288486486,117.00,119.50,110.00,111.00,-,5.00,111.00,23,111.50,10,20.79,
6754,匯僑設計,194554,244,12389701,61.70,65.50,61.70,63.40,+,1.70,63.20,4,63.40,3,14.92,
6756,威鋒電子,192664,369,37051604,193.00,196.50,189.50,189.50,-,4.50,189.50,5,191.00,1,72.88,
6757,台灣虎航-創,406012,161,13560000,33.60,33.75,32.95,33.35,+,0.10,33.35,8,33.45,1,8.19,
6768,志強-KY,701753,176,54880868,79.50,79.60,78.00,79.00,-,0.30,78.80,7,79.00,1,28.42,
6770,力積電,28100435,12685,618856514,22.20,22.45,21.70,21.70,-,0.50,21.70,457,21.75,18,0.00,
6776,展碁國際,103969,104,6377618,61.60,61.80,61.00,61.20,-,0.40,61.20,9,61.50,1,12.09,
6781,AES-KY,393459,914,222012603,572.00,581.00,553.00,565.00,-,10.00,565.00,22,566.00,1,24.52,
6782,視陽,895166,1504,213219575,231.00,243.50,231.00,235.50,+,3.00,235.50,7,237.00,5,49.16,
6789,采鈺,1265426,1504,325169015,253.00,261.50,252.50,254.50,+,1.00,254.50,12,255.00,4,227.23,
6790,永豐實,1554011,1254,83245434,52.70,54.50,52.10,53.50,+,1.50,53.50,3,53.60,13,14.78,
6792,詠業,58600,51,4526660,76.80,77.80,76.80,77.70,+,0.90,77.70,4,78.00,1,18.59,
6796,晉弘,101008,252,7599767,75.40,76.40,72.70,75.70,+,0.50,75.50,1,75.80,3,35.37,
6799,來頡,527785,678,75840025,149.50,149.50,141.00,141.00,-,6.50,141.00,19,142.50,2,26.65,
6805,富世達,2366274,5289,1655769216,752.00,752.00,675.00,675.00,-,75.00,0,0,675.00,8,73.69,
6806,森崴能源,4298751,4454,625990657,147.00,151.00,141.00,141.00,-,5.50,141.00,145,141.50,50,47.96,
6807,峰源-KY,69661,61,3090370,44.05,44.75,44.00,44.30,-,0.20,44.20,2,44.30,1,10.05,
6830,汎銓,321475,386,44857555,142.00,142.50,138.00,138.50,-,3.00,138.50,3,139.00,1,24.78,
6834,天二科技,40010,28,941089,23.60,23.60,23.45,23.45,-,0.35,23.40,3,23.45,2,0.00,
6835,圓裕,721374,681,36723053,54.70,54.70,49.00,49.00,-,3.80,49.00,27,49.25,6,13.73,
6854,錼創科技-KY創,27000,22,2074400,77.00,78.10,76.40,76.70,-,0.40,76.70,1,78.50,1,0.00,
6861,睿生光電,140295,186,9629143,69.20,71.10,66.00,68.40,-,0.80,68.40,3,69.30,1,23.59,
6863,永道-KY,122694,192,17138907,139.50,142.00,139.00,139.00,-,0.50,139.00,7,139.50,1,23.05,
6869,雲豹能源-創,1934990,1157,307287450,158.00,165.00,154.50,155.00,-,1.50,155.00,10,155.50,14,17.78,
6873,泓德能源-創,1006326,780,192377136,198.50,200.50,185.00,185.50,-,11.50,185.50,18,186.50,3,22.76,
6901,鑽石投資,1398794,910,55198440,38.70,40.35,38.70,38.85,+,0.20,38.85,27,38.90,1,0.00,
6902,走著瞧-創,8020,12,1186928,151.50,151.50,145.00,145.00,-,10.00,145.50,1,153.00,1,906.25,
6906,現觀科,135480,192,18686678,139.50,143.00,135.00,138.50,-,2.00,135.50,5,138.50,2,38.47,
6916,華凌,46075,44,1164771,26.20,26.20,24.75,24.90,+,0.70,24.90,4,24.95,1,20.75,
6933,AMAX-KY,628659,1048,205720447,337.00,337.00,318.50,318.50,-,19.50,318.50,7,320.00,5,50.80,
6937,天虹,432864,531,91660766,215.50,217.50,208.00,208.00,-,9.00,208.00,8,208.50,4,45.82,
6949,沛爾生醫-創,167000,119,23021500,151.00,151.00,134.50,134.50,-,14.50,0,0,134.50,40,0.00,
8011,台通,5127470,2467,125964956,25.20,25.40,23.85,23.85,-,0.80,23.85,71,23.90,1,298.12,
8016,矽創,1503235,1990,396400376,271.00,273.50,259.00,263.00,-,7.50,263.00,1,263.50,17,16.91,
8021,尖點,554811,343,16143682,29.25,29.40,28.85,29.05,-,0.20,29.05,2,29.10,5,0.00,
8028,昇陽半導體,1669954,1367,86191650,52.10,52.90,50.80,51.20,-,0.80,51.10,7,51.20,7,28.29,
8033,雷虎,7579505,6609,577181438,78.90,80.00,73.30,73.30,-,6.10,73.30,21,73.40,2,0.00,
8039,台虹,848231,395,40426915,47.45,48.00,47.20,47.55,+,0.55,47.55,15,47.90,8,23.54,
8046,南電,5278588,4293,925295799,171.50,178.50,171.50,174.50,+,3.00,174.50,10,175.00,5,19.39,
8070,長華*,1338928,927,53853267,40.35,40.65,39.90,40.20,-,0.35,40.20,3,40.30,1,18.27,
8072,陞泰,86271,260,2226873,25.80,25.90,25.70,25.75, ,0.00,25.70,4,25.75,1,35.27,
8081,致新,616662,1284,163238801,271.00,271.00,262.00,263.00,-,6.00,263.00,2,263.50,1,15.17,
8101,華冠,28362,145,107364,3.75,3.80,3.75,3.80, ,0.00,3.76,7,3.80,29,0.00,
8103,瀚荃,458309,367,19463125,43.50,43.60,41.95,41.95,-,1.35,41.95,4,42.00,1,15.20,
8104,錸寶,341919,564,11789198,33.65,35.20,33.65,34.10,+,0.45,34.05,2,34.10,3,0.00,
8105,凌巨,811009,420,10232999,12.65,12.75,12.50,12.60, ,0.00,12.60,6,12.65,13,23.77,
8110,華東,5270394,2383,90584484,17.50,17.55,16.85,16.90,-,0.65,16.90,122,16.95,64,0.00,
8112,至上,8696095,6541,702653174,81.90,82.50,79.50,80.80,-,1.10,80.70,10,80.80,20,20.20,
8112A,至上甲特,8331,11,357636,42.95,42.95,42.90,42.90,-,0.05,42.80,5,43.00,2,0.00,
8114,振樺電,186044,196,20608848,112.50,112.50,109.50,111.00, ,0.00,110.00,12,111.00,5,20.00,
8131,福懋科,189796,187,6828624,36.05,36.25,35.85,36.10,+,0.10,36.00,2,36.10,10,30.08,
8150,南茂,3256106,2140,146978120,45.10,45.60,44.75,45.35,-,0.30,45.30,1,45.35,2,17.44,
8162,微矽電子-創,90000,53,3427650,38.35,38.85,35.55,38.85,+,0.55,37.50,11,38.90,1,0.00,
8163,達方,940959,732,56427722,60.30,60.60,59.70,59.80,-,0.60,59.80,1,59.90,6,10.07,
8201,無敵,278246,164,4874852,17.75,17.85,17.20,17.20,-,0.30,17.20,3,17.25,1,0.00,
8210,勤誠,8556835,46593,2223935388,273.50,273.50,251.00,251.00,-,22.50,251.00,28,251.50,83,27.89,
8213,志超,1622037,560,68771375,42.65,42.95,42.20,42.35,-,0.40,42.30,28,42.35,6,10.51,
8215,明基材,718480,614,23733988,33.30,33.40,32.90,32.90,-,0.25,32.90,89,33.05,1,25.50,
8222,寶一,1874272,1654,86937786,47.85,48.25,44.85,44.85,-,2.65,44.85,5,44.90,1,50.97,
8249,菱光,60228,64,1715182,28.65,28.85,28.30,28.45,-,0.05,28.40,1,28.50,3,16.45,
8261,富鼎,705828,794,55422476,79.60,79.80,77.80,78.30,-,1.60,78.30,19,78.40,10,27.96,
8271,宇瞻,1174527,1217,74013236,64.30,64.40,62.10,62.40,-,1.70,62.40,14,62.60,12,14.82,
8341,日友,136191,274,13153745,96.50,97.00,96.00,96.50, ,0.00,96.40,10,96.50,1,30.73,
8367,建新國際,151726,208,7032297,45.55,47.00,45.55,46.80,+,1.10,46.60,7,46.80,4,14.40,
8374,羅昇,72810,91,2224417,30.95,30.95,30.25,30.30,-,0.40,30.30,4,30.45,1,0.00,
8404,百和興業-KY,180863,142,3479468,19.45,19.50,19.05,19.30,+,0.10,19.25,1,19.30,11,0.00,
8411,福貞-KY,84854,162,1149529,13.60,13.65,13.45,13.55,-,0.05,13.50,6,13.55,3,90.33,
8422,可寧衛,412030,2878,77704106,188.50,189.50,187.50,189.50,+,1.00,189.00,9,189.50,65,20.82,
8429,金麗-KY,244765,724,2393703,9.71,9.90,9.70,9.78,+,0.08,9.76,2,9.78,11,0.00,
8438,昶昕,1454330,1119,51567731,37.00,39.00,33.05,33.05,-,3.65,0,0,33.05,23,25.82,
8442,威宏-KY,227659,157,26853089,120.00,120.00,116.50,117.50,-,3.00,117.00,18,117.50,2,12.59,
8443,阿瘦,201492,216,2451922,12.25,12.35,12.10,12.10,-,0.25,12.10,4,12.15,8,48.40,
8454,富邦媒,1508775,2832,597631396,388.00,399.50,388.00,399.00,+,14.50,397.00,3,399.00,12,26.42,
8462,柏文,42517,133,4634018,111.50,111.50,108.00,108.50,+,0.50,108.00,19,108.50,2,76.95,
8463,潤泰材,5798832,2896,178630178,31.60,31.60,28.95,30.30,+,1.55,30.10,1,30.30,10,39.35,
8464,億豐,582905,462,212290579,366.00,366.00,360.00,365.50,+,0.50,365.00,10,365.50,1,19.51,
8466,美吉吉-KY,71130,51,3508706,49.25,49.65,48.60,49.60,+,0.35,48.90,2,49.60,1,0.00,
8467,波力-KY,410898,419,77472652,192.50,194.00,185.00,185.00,-,4.50,185.00,17,187.50,2,24.50,
8473,山林水,23636532,15224,1151024515,49.85,52.20,44.60,44.60,-,4.95,0,0,44.60,363,178.40,
8476,台境,40350,51,2368688,58.50,59.60,58.40,58.40,-,0.10,58.40,3,58.80,1,13.12,
8478,東哥遊艇,306836,611,115056664,378.00,382.00,370.00,370.00,-,8.00,369.50,1,370.00,1,15.64,
8481,政伸,29220,18,1483464,50.40,51.00,50.30,50.70,+,0.10,50.70,2,50.80,1,26.97,
8482,商億-KY,2000,2,123500,61.40,62.10,61.40,62.10,+,1.70,61.40,3,62.40,2,21.64,
8487,愛爾達-創,7391,11,583998,78.90,80.00,78.80,78.80,-,0.10,79.00,1,79.50,1,14.49,
8488,吉源-KY,15000,13,242100,16.10,16.15,16.10,16.10, ,0.00,16.10,2,16.15,4,0.00,
8499,鼎炫-KY,13609,25,1533528,113.50,113.50,112.00,112.00,-,0.50,112.00,6,112.50,1,10.95,
8926,台汽電,3544599,2555,168916873,48.00,48.20,47.10,47.20,-,0.35,47.20,15,47.25,9,27.44,
8940,新天地,887164,661,27173483,30.70,31.15,30.00,30.00, ,0.00,30.00,4,30.05,1,18.99,
8996,高力,9165441,7836,3153227720,344.00,359.00,332.50,333.50,-,18.00,333.00,60,333.50,14,51.71,
9103,美德醫療-DR,8628185,1080,59900895,6.58,7.09,6.58,6.94,+,0.30,6.93,3,6.94,32,0.00,
910322,康師傅-DR,47004,112,823900,17.45,17.55,17.45,17.50,+,0.15,17.50,3,17.65,2,0.00,
9105,泰金寶-DR,8718499,1219,30492420,3.50,3.53,3.47,3.47,-,0.03,3.47,353,3.48,12,0.00,
910861,神州-DR,129271,28,860953,6.67,6.74,6.64,6.74,-,0.14,6.72,1,6.74,2,0.00,
9110,越南控-DR,136000,87,977890,7.30,7.31,7.10,7.17,-,0.13,7.16,3,7.28,1,0.00,
911608,明輝-DR,120000,56,419330,3.56,3.56,3.44,3.50,-,0.01,3.44,6,3.50,9,0.00,
911622,泰聚亨-DR,18000,10,90860,5.05,5.05,5.04,5.05,-,0.05,5.04,2,5.06,1,0.00,
911868,同方友友-DR,205000,70,245130,1.20,1.20,1.19,1.19, ,0.00,1.19,9,1.20,24,0.00,
912000,晨訊科-DR,1656576,253,4502095,2.75,2.80,2.66,2.70,-,0.04,2.70,3,2.71,6,0.00,
9136,巨騰-DR,135000,54,854990,6.40,6.40,6.30,6.31,-,0.07,6.31,8,6.32,1,0.00,
9802,鈺齊-KY,1075844,882,122988651,111.00,116.00,111.00,114.00,+,3.50,114.00,46,114.50,10,14.49,
9902,台火,6681841,2237,117766665,17.50,17.70,17.20,17.70,+,1.60,17.70,1372,0,0,55.31,
9904,寶成,11345046,4677,398953542,35.20,35.55,34.85,35.30, ,0.00,35.15,72,35.30,173,9.81,
9905,大華,126185,80,3012129,23.85,23.95,23.80,23.85,+,0.05,23.85,3,23.90,13,16.45,
9906,欣巴巴,508427,599,41413321,80.80,83.40,80.00,81.70,+,1.60,81.50,5,81.80,2,13.09,
9907,統一實,3078561,1231,45517969,14.50,14.90,14.50,14.80,+,0.30,14.75,37,14.80,10,34.42,
9908,大台北,141100,117,4566310,32.50,32.50,32.25,32.50,+,0.15,32.45,3,32.50,2,14.01,
9910,豐泰,1808227,1398,290605629,158.00,163.50,158.00,160.00,+,6.50,160.00,445,160.50,15,31.75,
9911,櫻花,809415,939,69989619,85.30,88.20,85.20,85.80,+,0.90,85.80,11,86.20,8,17.51,
9912,偉聯,625193,470,7669559,12.55,12.60,12.00,12.05,-,0.50,12.05,6,12.10,3,0.00,
9914,美利達,753346,4206,170819512,226.00,231.00,224.00,224.00,-,1.50,224.00,19,224.50,1,39.58,
9917,中保科,451217,562,57283875,127.00,128.00,125.00,128.00,+,2.00,126.50,35,128.00,26,21.92,
9918,欣天然,9313,186,381609,40.90,41.25,40.90,41.20,+,0.30,40.95,1,41.20,1,20.60,
9919,康那香,3392835,1736,75118552,22.40,22.75,21.80,22.00,-,0.35,21.95,36,22.00,1,6.53,
9921,巨大,1169358,2571,252233899,216.00,219.00,214.00,215.00,-,0.50,214.50,17,215.00,8,24.77,
9924,福興,519583,408,27316271,53.10,53.20,52.00,52.80,-,0.10,52.60,2,52.80,28,10.50,
9925,新保,235114,193,9653366,41.25,41.30,40.95,41.15,+,0.15,41.10,2,41.15,9,16.86,
9926,新海,23176,29,1252720,54.20,54.20,53.70,54.20,-,0.10,54.50,1,54.70,1,20.77,
9927,泰銘,400870,370,29302002,72.90,73.70,72.30,73.40,+,0.50,73.40,5,73.50,5,12.36,
9928,中視,55406,62,942948,17.20,17.20,16.90,17.00,+,0.10,16.90,4,17.00,7,0.00,
9929,秋雨,7312,9,108976,14.80,15.40,14.25,15.40,+,0.30,15.20,39,15.40,1,0.00,
9930,中聯資源,1107548,1203,71443182,66.80,66.80,62.00,63.90,-,3.10,63.90,19,64.00,4,18.91,
9931,欣高,23189,29,855324,36.85,37.10,36.60,36.85, ,0.00,36.85,1,36.90,1,25.59,
9933,中鼎,10638853,8719,536329671,50.80,51.70,49.10,49.50,-,0.70,49.50,5,49.60,14,20.97,
9934,成霖,4242019,1753,75797162,18.25,18.25,17.60,17.75,-,0.55,17.70,80,17.75,14,11.99,
9935,慶豐富,580937,333,14505755,24.90,25.30,24.75,24.85,+,0.05,24.80,23,24.85,3,41.42,
9937,全國,21105,115,1370060,65.50,65.50,64.50,65.40,+,0.50,64.90,2,65.50,2,25.85,
9938,百和,3796567,2778,234523952,61.00,62.70,60.80,61.20,+,1.10,61.20,8,61.30,5,31.38,
9939,宏全,2888319,2478,463265563,159.00,163.00,155.00,161.00,+,2.00,160.50,5,161.00,42,18.72,
9940,信義,3047121,2606,100833507,32.20,34.25,32.05,33.05,+,1.85,33.00,21,33.05,27,13.83,
9941,裕融,1016685,1320,149182310,146.00,147.50,145.50,147.00,+,1.00,146.50,23,147.00,18,15.19,
9941A,裕融甲特,39000,11,1969500,50.50,50.50,50.50,50.50, ,0.00,50.50,21,50.60,13,0.00,
9942,茂順,309743,438,39036857,125.00,127.00,125.00,126.00,-,1.50,126.00,6,126.50,22,10.70,
9943,好樂迪,2111186,292,183681338,87.20,87.30,86.80,86.90,-,0.20,86.90,2,87.10,1,14.60,
9944,新麗,260776,101,5401957,20.70,20.80,20.65,20.75,+,0.05,20.65,5,20.75,6,13.93,
9945,潤泰新,17339809,7854,636063096,36.45,37.30,36.10,36.60,+,0.45,36.55,36,36.60,19,13.41,
9946,三發地產,2957558,1551,93459615,30.95,32.45,30.80,31.35,+,0.40,31.30,10,31.35,16,116.11,
9955,佳龍,4123278,3129,149332379,38.50,39.20,34.65,34.75,-,3.75,34.70,9,34.75,6,0.00,
9958,世紀鋼,8417495,8603,1709263405,212.50,214.00,197.00,198.00,-,14.00,198.00,140,198.50,34,44.59,
